Workbook

Sheet ملخص
A1: فهرس قناة رياض الجنة (م. محمود علي)
A2: الأعداد محسوبة بالمعادلات من ورقة «الفهرس العام». لكل تصنيف ورقة مستقلة، ويمكن التصفية والبحث من رأس كل عمود.
A4: التصنيف | B4: السلسلة | C4: عدد المواد
A5: الاقتصاد الإسلامي | C5: =COUNTIF('الفهرس العام'!$B$2:$B$2508,A5)
B6: شرح مقدمة في الاقتصاد الإسلامي | C6: =COUNTIFS('الفهرس العام'!$B$2:$B$2508,"الاقتصاد الإسلامي",'الفهرس العام'!$C$2:$C$2508,B6)
B7: شرح كتاب أربعون قاعدة في فقه معاملات الأسواق | C7: =COUNTIFS('الفهرس العام'!$B$2:$B$2508,"الاقتصاد الإسلامي",'الفهرس العام'!$C$2:$C$2508,B7)
B8: استشارات اقتصادية | C8: =COUNTIFS('الفهرس العام'!$B$2:$B$2508,"الاقتصاد الإسلامي",'الفهرس العام'!$C$2:$C$2508,B8)
B9: النشرة الدورية للاقتصاد الإسلامي حول العالم | C9: =COUNTIFS('الفهرس العام'!$B$2:$B$2508,"الاقتصاد الإسلامي",'الفهرس العام'!$C$2:$C$2508,B9)
B10: محاضرات في الاقتصاد الإسلامي | C10: =COUNTIFS('الفهرس العام'!$B$2:$B$2508,"الاقتصاد الإسلامي",'الفهرس العام'!$C$2:$C$2508,B10)
B11: شرح أصول فقه الشركات | C11: =COUNTIFS('الفهرس العام'!$B$2:$B$2508,"الاقتصاد الإسلامي",'الفهرس العام'!$C$2:$C$2508,B11)
B12: ندوات ومحاضرات عامة | C12: =COUNTIFS('الفهرس العام'!$B$2:$B$2508,"الاقتصاد الإسلامي",'الفهرس العام'!$C$2:$C$2508,B12)
A13: دورة ما لا يسع المسلمة جهله | C13: =COUNTIF('الفهرس العام'!$B$2:$B$2508,A13)
B14: دورة ما لا يسع المسلمة جهله | C14: =COUNTIFS('الفهرس العام'!$B$2:$B$2508,"دورة ما لا يسع المسلمة جهله",'الفهرس العام'!$C$2:$C$2508,B14)
A15: التزكية | C15: =COUNTIF('الفهرس العام'!$B$2:$B$2508,A15)
B16: سلسلة الطريق إلى البيت العتيق | C16: =COUNTIFS('الفهرس العام'!$B$2:$B$2508,"التزكية",'الفهرس العام'!$C$2:$C$2508,B16)
B17: سلسلة شرح الأسماء الحسنى | C17: =COUNTIFS('الفهرس العام'!$B$2:$B$2508,"التزكية",'الفهرس العام'!$C$2:$C$2508,B17)
B18: شرح طاقة ورد في فقه الورد | C18: =COUNTIFS('الفهرس العام'!$B$2:$B$2508,"التزكية",'الفهرس العام'!$C$2:$C$2508,B18)
B19: سلسلة تأملات إيمانية في أدعية النبي ﷺ | C19: =COUNTIFS('الفهرس العام'!$B$2:$B$2508,"التزكية",'الفهرس العام'!$C$2:$C$2508,B19)
B20: سيرة إبراهيم الخليل عليه السلام | C20: =COUNTIFS('الفهرس العام'!$B$2:$B$2508,"التزكية",'الفهرس العام'!$C$2:$C$2508,B20)
B21: تأملات إيمانية في أدعية الحج والعمرة | C21: =COUNTIFS('الفهرس العام'!$B$2:$B$2508,"التزكية",'الفهرس العام'!$C$2:$C$2508,B21)
B22: شرح رسالة ذوق الصلاة لابن القيم | C22: =COUNTIFS('الفهرس العام'!$B$2:$B$2508,"التزكية",'الفهرس العام'!$C$2:$C$2508,B22)
B23: شرح الداء والدواء لابن القيم | C23: =COUNTIFS('الفهرس العام'!$B$2:$B$2508,"التزكية",'الفهرس العام'!$C$2:$C$2508,B23)
B24: تأملات ورقائق متفرقة | C24: =COUNTIFS('الفهرس العام'!$B$2:$B$2508,"التزكية",'الفهرس العام'!$C$2:$C$2508,B24)
A25: قصص الأنبياء | C25: =COUNTIF('الفهرس العام'!$B$2:$B$2508,A25)
B26: سلسلة تأملات إيمانية في قصص الأنبياء | C26: =COUNTIFS('الفهرس العام'!$B$2:$B$2508,"قصص الأنبياء",'الفهرس العام'!$C$2:$C$2508,B26)
A27: السيرة النبوية | C27: =COUNTIF('الفهرس العام'!$B$2:$B$2508,A27)
B28: لقاءات السيرة النبوية | C28: =COUNTIFS('الفهرس العام'!$B$2:$B$2508,"السيرة النبوية",'الفهرس العام'!$C$2:$C$2508,B28)
A29: الحديث | C29: =COUNTIF('الفهرس العام'!$B$2:$B$2508,A29)
B30: شرح البيقونية في مصطلح الحديث (دورة مصطلح الحديث) | C30: =COUNTIFS('الفهرس العام'!$B$2:$B$2508,"الحديث",'الفهرس العام'!$C$2:$C$2508,B30)
A31: شروح السنة | C31: =COUNTIF('الفهرس العام'!$B$2:$B$2508,A31)
B32: شرح السلسلة الصحيحة (كاملة) | C32: =COUNTIFS('الفهرس العام'!$B$2:$B$2508,"شروح السنة",'الفهرس العام'!$C$2:$C$2508,B32)
B33: شرح رياض الصالحين (متجدد) | C33: =COUNTIFS('الفهرس العام'!$B$2:$B$2508,"شروح السنة",'الفهرس العام'!$C$2:$C$2508,B33)
B34: شرح صحيح الإمام مسلم (متجدد) | C34: =COUNTIFS('الفهرس العام'!$B$2:$B$2508,"شروح السنة",'الفهرس العام'!$C$2:$C$2508,B34)
B35: شرح صحيح البخاري | C35: =COUNTIFS('الفهرس العام'!$B$2:$B$2508,"شروح السنة",'الفهرس العام'!$C$2:$C$2508,B35)
B36: أحاديث وتعليقات | C36: =COUNTIFS('الفهرس العام'!$B$2:$B$2508,"شروح السنة",'الفهرس العام'!$C$2:$C$2508,B36)
A37: العقيدة | C37: =COUNTIF('الفهرس العام'!$B$2:$B$2508,A37)
B38: شرح أصول الإيمان | C38: =COUNTIFS('الفهرس العام'!$B$2:$B$2508,"العقيدة",'الفهرس العام'!$C$2:$C$2508,B38)
B39: شرح العقيدة الواسطية | C39: =COUNTIFS('الفهرس العام'!$B$2:$B$2508,"العقيدة",'الفهرس العام'!$C$2:$C$2508,B39)
B40: شرح لمعة الاعتقاد لابن قدامة | C40: =COUNTIFS('الفهرس العام'!$B$2:$B$2508,"العقيدة",'الفهرس العام'!$C$2:$C$2508,B40)
B41: شرح اعتقاد أهل السنة | C41: =COUNTIFS('الفهرس العام'!$B$2:$B$2508,"العقيدة",'الفهرس العام'!$C$2:$C$2508,B41)
B42: شرح العقيدة الميسرة للنساء (متجدد) | C42: =COUNTIFS('الفهرس العام'!$B$2:$B$2508,"العقيدة",'الفهرس العام'!$C$2:$C$2508,B42)
B43: شرح كتاب التوحيد (فضل الغني الحميد) | C43: =COUNTIFS('الفهرس العام'!$B$2:$B$2508,"العقيدة",'الفهرس العام'!$C$2:$C$2508,B43)
B44: دروس وأسئلة في العقيدة | C44: =COUNTIFS('الفهرس العام'!$B$2:$B$2508,"العقيدة",'الفهرس العام'!$C$2:$C$2508,B44)
A45: الفقه | C45: =COUNTIF('الفهرس العام'!$B$2:$B$2508,A45)
B46: شرح الفقه الميسر | C46: =COUNTIFS('الفهرس العام'!$B$2:$B$2508,"الفقه",'الفهرس العام'!$C$2:$C$2508,B46)
B47: شرح مختصر فقه البيوع | C47: =COUNTIFS('الفهرس العام'!$B$2:$B$2508,"الفقه",'الفهرس العام'!$C$2:$C$2508,B47)
B48: شرح منار السبيل | C48: =COUNTIFS('الفهرس العام'!$B$2:$B$2508,"الفقه",'الفهرس العام'!$C$2:$C$2508,B48)
B49: شرح مختصر منار السبيل | C49: =COUNTIFS('الفهرس العام'!$B$2:$B$2508,"الفقه",'الفهرس العام'!$C$2:$C$2508,B49)
B50: شرح كتاب البيوع من عمدة الفقه | C50: =COUNTIFS('الفهرس العام'!$B$2:$B$2508,"الفقه",'الفهرس العام'!$C$2:$C$2508,B50)
B51: شرح كتاب الحيوانات ما يجوز أكله وما لا يجوز | C51: =COUNTIFS('الفهرس العام'!$B$2:$B$2508,"الفقه",'الفهرس العام'!$C$2:$C$2508,B51)
B52: شرح منهج السالكين (كتاب البيوع) (متجدد) | C52: =COUNTIFS('الفهرس العام'!$B$2:$B$2508,"الفقه",'الفهرس العام'!$C$2:$C$2508,B52)
B53: أحكام فقهية متفرقة | C53: =COUNTIFS('الفهرس العام'!$B$2:$B$2508,"الفقه",'الفهرس العام'!$C$2:$C$2508,B53)
A54: قضايا فكرية | C54: =COUNTIF('الفهرس العام'!$B$2:$B$2508,A54)
B55: فقه الأمر بالمعروف والنهي عن المنكر | C55: =COUNTIFS('الفهرس العام'!$B$2:$B$2508,"قضايا فكرية",'الفهرس العام'!$C$2:$C$2508,B55)
B56: السلفية ومناهج التغيير | C56: =COUNTIFS('الفهرس العام'!$B$2:$B$2508,"قضايا فكرية",'الفهرس العام'!$C$2:$C$2508,B56)
B57: مسائل الإيمان والكفر | C57: =COUNTIFS('الفهرس العام'!$B$2:$B$2508,"قضايا فكرية",'الفهرس العام'!$C$2:$C$2508,B57)
B58: شرح الاتباع والبدع | C58: =COUNTIFS('الفهرس العام'!$B$2:$B$2508,"قضايا فكرية",'الفهرس العام'!$C$2:$C$2508,B58)
B59: شرح فقه الجهاد | C59: =COUNTIFS('الفهرس العام'!$B$2:$B$2508,"قضايا فكرية",'الفهرس العام'!$C$2:$C$2508,B59)
B60: فقه الخلاف | C60: =COUNTIFS('الفهرس العام'!$B$2:$B$2508,"قضايا فكرية",'الفهرس العام'!$C$2:$C$2508,B60)
B61: مسألة العذر بالجهل | C61: =COUNTIFS('الفهرس العام'!$B$2:$B$2508,"قضايا فكرية",'الفهرس العام'!$C$2:$C$2508,B61)
B62: فقه العهود والمواثيق | C62: =COUNTIFS('الفهرس العام'!$B$2:$B$2508,"قضايا فكرية",'الفهرس العام'!$C$2:$C$2508,B62)
B63: قضايا فكرية متنوعة | C63: =COUNTIFS('الفهرس العام'!$B$2:$B$2508,"قضايا فكرية",'الفهرس العام'!$C$2:$C$2508,B63)
A64: التفسير | C64: =COUNTIF('الفهرس العام'!$B$2:$B$2508,A64)
B65: تفسير القرآن الكريم | C65: =COUNTIFS('الفهرس العام'!$B$2:$B$2508,"التفسير",'الفهرس العام'!$C$2:$C$2508,B65)
A66: الخطب | C66: =COUNTIF('الفهرس العام'!$B$2:$B$2508,A66)
B67: خطب الجمعة | C67: =COUNTIFS('الفهرس العام'!$B$2:$B$2508,"الخطب",'الفهرس العام'!$C$2:$C$2508,B67)
B68: خطب العيدين | C68: =COUNTIFS('الفهرس العام'!$B$2:$B$2508,"الخطب",'الفهرس العام'!$C$2:$C$2508,B68)
A69: فتاوى واستشارات النساء | C69: =COUNTIF('الفهرس العام'!$B$2:$B$2508,A69)
B70: فتاوى واستشارات النساء | C70: =COUNTIFS('الفهرس العام'!$B$2:$B$2508,"فتاوى واستشارات النساء",'الفهرس العام'!$C$2:$C$2508,B70)
A71: المواسم | C71: =COUNTIF('الفهرس العام'!$B$2:$B$2508,A71)
B72: رمضان والصيام | C72: =COUNTIFS('الفهرس العام'!$B$2:$B$2508,"المواسم",'الفهرس العام'!$C$2:$C$2508,B72)
B73: ترويحات رمضانية | C73: =COUNTIFS('الفهرس العام'!$B$2:$B$2508,"المواسم",'الفهرس العام'!$C$2:$C$2508,B73)
B74: شرح أحاديث الصيام (الجامع لأحكام الصيام) | C74: =COUNTIFS('الفهرس العام'!$B$2:$B$2508,"المواسم",'الفهرس العام'!$C$2:$C$2508,B74)
B75: الحج وعشر ذي الحجة | C75: =COUNTIFS('الفهرس العام'!$B$2:$B$2508,"المواسم",'الفهرس العام'!$C$2:$C$2508,B75)
B76: مواسم وأيام الله | C76: =COUNTIFS('الفهرس العام'!$B$2:$B$2508,"المواسم",'الفهرس العام'!$C$2:$C$2508,B76)
A77: متفرقات | C77: =COUNTIF('الفهرس العام'!$B$2:$B$2508,A77)
B78: كلمات ومناسبات | C78: =COUNTIFS('الفهرس العام'!$B$2:$B$2508,"متفرقات",'الفهرس العام'!$C$2:$C$2508,B78)
B79: ملفات وكتب | C79: =COUNTIFS('الفهرس العام'!$B$2:$B$2508,"متفرقات",'الفهرس العام'!$C$2:$C$2508,B79)
B80: مواد متنوعة | C80: =COUNTIFS('الفهرس العام'!$B$2:$B$2508,"متفرقات",'الفهرس العام'!$C$2:$C$2508,B80)
A81: الإجمالي | C81: =SUMPRODUCT((A5:A80<>"")*(B5:B80=""),C5:C80)

Sheet الفهرس العام
A1: م | B1: التصنيف | C1: السلسلة | D1: الكتاب / الباب | E1: رقم الدرس | F1: عنوان الدرس | G1: الموضوعات | H1: النوع | I1: التاريخ | J1: الرابط
A2: 1 | B2: الاقتصاد الإسلامي | C2: شرح مقدمة في الاقتصاد الإسلامي | E2: 1 | F2: مقدمة اقتصاد إسلامي | G2: خصائص الاقتصاد الإسلامي - 1 | H2: صوتي | I2: 2024-11-29 | J2: فتح في تليجرام
A3: 2 | B3: الاقتصاد الإسلامي | C3: شرح مقدمة في الاقتصاد الإسلامي | E3: 2 | F3: مقدمة اقتصاد إسلامي | G3: مباديء الاقتصاد الإسلامي، دوره في علاج الأزمة الاقتصادية | H3: صوتي | I3: 2024-11-29 | J3: فتح في تليجرام
A4: 3 | B4: الاقتصاد الإسلامي | C4: شرح مقدمة في الاقتصاد الإسلامي | F4: شرح مقدمة في الاقتصاد الإسلامي (2024-11-30) | H4: PDF | I4: 2024-11-30 | J4: فتح في تليجرام
A5: 4 | B5: الاقتصاد الإسلامي | C5: شرح كتاب أربعون قاعدة في فقه معاملات الأسواق | F5: شرح كتاب أربعون قاعدة في فقه معاملات الأسواق (2026-07-17) | H5: صوتي | I5: 2026-07-17 | J5: فتح في تليجرام
A6: 5 | B6: الاقتصاد الإسلامي | C6: استشارات اقتصادية | E6: 28 | F6: شرح كتاب البيوع والكسب والزهد-28 | G6: فضل مايؤكل من الزرع والغرس • احكام الرجوع في الهبة • حكم الاحتكار، ضوابط الاحتكار المحرم، جزاء المحتكر | H6: صوتي | I6: 2022-10-29 | J6: فتح في تليجرام
A7: 6 | B7: الاقتصاد الإسلامي | C7: استشارات اقتصادية | E7: 29 | F7: شرح كتاب البيوع والكسب والزهد-29 | G7: الاقالة في البيع • حكم بيع الوفاء • من باع بيعتين فى بيعة فله اوكسهما أو الربا | H7: صوتي | I7: 2022-10-30 | J7: فتح في تليجرام
A8: 7 | B8: الاقتصاد الإسلامي | C8: استشارات اقتصادية | F8: أحكام وفتاوى مهمة: صور التحويل عبر فودافون كاش | G8: صور التحويل عن طريق فودافون كاش واحكامها • حكم سلفني شكرا | H8: صوتي | I8: 2023-08-14 | J8: فتح في تليجرام
A9: 8 | B9: الاقتصاد الإسلامي | C9: استشارات اقتصادية | F9: فتاوي اقتصادية | H9: صوتي | I9: 2023-10-14 | J9: فتح في تليجرام
A10: 9 | B10: الاقتصاد الإسلامي | C10: استشارات اقتصادية | F10: حكم مبادرة جمارك السيارات | H10: صوتي | I10: 2023-12-22 | J10: فتح في تليجرام
A11: 10 | B11: الاقتصاد الإسلامي | C11: استشارات اقتصادية | E11: 3 | F11: 3.المجلس الثالث | H11: صوتي | I11: 2024-01-12 | J11: فتح في تليجرام
A12: 11 | B12: الاقتصاد الإسلامي | C12: استشارات اقتصادية | E12: 4 | F12: 4.المجلس الرابع | H12: صوتي | I12: 2024-01-26 | J12: فتح في تليجرام
A13: 12 | B13: الاقتصاد الإسلامي | C13: استشارات اقتصادية | E13: 5 | F13: 5.المجلس الخامس | H13: صوتي | I13: 2024-01-26 | J13: فتح في تليجرام
A14: 13 | B14: الاقتصاد الإسلامي | C14: استشارات اقتصادية | E14: 6 | F14: 6. المجلس السادس | H14: صوتي | I14: 2024-02-02 | J14: فتح في تليجرام
A15: 14 | B15: الاقتصاد الإسلامي | C15: استشارات اقتصادية | E15: 7 | F15: 7. المجلس السابع | H15: صوتي | I15: 2024-02-02 | J15: فتح في تليجرام
A16: 15 | B16: الاقتصاد الإسلامي | C16: استشارات اقتصادية | E16: 1 | F16: البيوع 1 | H16: صوتي | I16: 2024-05-01 | J16: فتح في تليجرام
A17: 16 | B17: الاقتصاد الإسلامي | C17: استشارات اقتصادية | E17: 3 | F17: البيوع 3 | H17: صوتي | I17: 2024-05-09 | J17: فتح في تليجرام
A18: 17 | B18: الاقتصاد الإسلامي | C18: استشارات اقتصادية | E18: 9 | F18: البيوع 9 | H18: صوتي | I18: 2024-08-28 | J18: فتح في تليجرام
A19: 18 | B19: الاقتصاد الإسلامي | C19: استشارات اقتصادية | F19: أنواع البطاقات الائتمانية | G19: حكم شراء الذهب بالكريدت كارد | H19: صوتي | I19: 2024-08-29 | J19: فتح في تليجرام
A20: 19 | B20: الاقتصاد الإسلامي | C20: استشارات اقتصادية | E20: 5 | F20: البيوع 5 | H20: صوتي | I20: 2024-08-29 | J20: فتح في تليجرام
A21: 20 | B21: الاقتصاد الإسلامي | C21: استشارات اقتصادية | F21: حكم شراء الذهب عن طريق الانستاباي | H21: صوتي | I21: 2024-08-30 | J21: فتح في تليجرام
A22: 21 | B22: الاقتصاد الإسلامي | C22: استشارات اقتصادية | E22: 10 | F22: البيوع 10 | H22: صوتي | I22: 2024-09-12 | J22: فتح في تليجرام
A23: 22 | B23: الاقتصاد الإسلامي | C23: استشارات اقتصادية | E23: 11 | F23: البيوع 11 | H23: صوتي | I23: 2024-09-23 | J23: فتح في تليجرام
A24: 23 | B24: الاقتصاد الإسلامي | C24: استشارات اقتصادية | E24: 12 | F24: البيوع 12 | H24: صوتي | I24: 2024-09-23 | J24: فتح في تليجرام
A25: 24 | B25: الاقتصاد الإسلامي | C25: استشارات اقتصادية | E25: 14 | F25: البيوع 14 | H25: صوتي | I25: 2024-10-17 | J25: فتح في تليجرام
A26: 25 | B26: الاقتصاد الإسلامي | C26: استشارات اقتصادية | F26: فتاوي اقتصادية | G26: حكم شراء أسهم في شركة اصل نشاطها حلال، وتمارس بعض المعاملات الربوية. | H26: صوتي | I26: 2024-11-18 | J26: فتح في تليجرام
A27: 26 | B27: الاقتصاد الإسلامي | C27: استشارات اقتصادية | F27: فتاوي اقتصادية | G27: حساب زكاة الشركات ورواتب العمال. | H27: صوتي | I27: 2024-11-18 | J27: فتح في تليجرام
A28: 27 | B28: الاقتصاد الإسلامي | C28: استشارات اقتصادية | F28: حكم العمل في شركة RGA واخذ اجر على المشاهدات | H28: صوتي | I28: 2025-01-05 | J28: فتح في تليجرام
A29: 28 | B29: الاقتصاد الإسلامي | C29: استشارات اقتصادية | F29: حكم شقق الاسكان الاجتماعي | G29: ولو ربا • ايه وجه الربا ال فيها ؟ | H29: صوتي | I29: 2025-01-06 | J29: فتح في تليجرام
A30: 29 | B30: الاقتصاد الإسلامي | C30: استشارات اقتصادية | F30: فتاوي اقتصادية | H30: صوتي | I30: 2025-01-06 | J30: فتح في تليجرام
A31: 30 | B31: الاقتصاد الإسلامي | C31: استشارات اقتصادية | F31: فتاوي اقتصادية | H31: صوتي | I31: 2025-01-26 | J31: فتح في تليجرام
A32: 31 | B32: الاقتصاد الإسلامي | C32: استشارات اقتصادية | F32: فتاوي اقتصادية | H32: صوتي | I32: 2025-01-26 | J32: فتح في تليجرام
A33: 32 | B33: الاقتصاد الإسلامي | C33: استشارات اقتصادية | F33: حكم البيع والشراء عبر الدروبشوبينج | H33: صوتي | I33: 2025-05-03 | J33: فتح في تليجرام
A34: 33 | B34: الاقتصاد الإسلامي | C34: استشارات اقتصادية | F34: ملخص صور تمويل البنوك للسيارات والعقارات | G34: القرض التقليدي • المرابحة. • الإجارة المنتهية بالتمليك • المشاركة المتناقصة | H34: صوتي | I34: 2025-05-20 | J34: فتح في تليجرام
A35: 34 | B35: الاقتصاد الإسلامي | C35: استشارات اقتصادية | F35: شراء الشقق بالرسوم الهندسية قبل بنائها، المخرج الشرعي | H35: صوتي | I35: 2025-08-27 | J35: فتح في تليجرام
A36: 35 | B36: الاقتصاد الإسلامي | C36: استشارات اقتصادية | F36: بيع المرابحة للآمر بالشراء والمشاركة المتناقصة في تمويل المصارف الإسلامية للسيارات والعقارات | H36: صوتي | I36: 2025-08-27 | J36: فتح في تليجرام
A37: 36 | B37: الاقتصاد الإسلامي | C37: استشارات اقتصادية | F37: تيلدا | H37: صوتي | I37: 2025-09-04 | J37: فتح في تليجرام
A38: 37 | B38: الاقتصاد الإسلامي | C38: استشارات اقتصادية | F38: رياض الجنة (م محمود علي) "قناة علمية - دعوية - فكرية" | G38: حكم بيع الأرقام الوهمية بالعملات الرقمية | H38: صوتي | I38: 2025-09-22 | J38: فتح في تليجرام
A39: 38 | B39: الاقتصاد الإسلامي | C39: استشارات اقتصادية | F39: بيع الأرض المخصصة من قبل الدولة قبل قبضها | H39: صوتي | I39: 2025-10-20 | J39: فتح في تليجرام
A40: 39 | B40: الاقتصاد الإسلامي | C40: استشارات اقتصادية | F40: غرامة التأخير وأثره في العقود | H40: صوتي | I40: 2025-10-20 | J40: فتح في تليجرام
A41: 40 | B41: الاقتصاد الإسلامي | C41: استشارات اقتصادية | F41: حكم مبادرة الاعفاء الجمركي للسيارات للعاملين بالخارج وحكم بيعها وتداولها | H41: صوتي | I41: 2025-11-01 | J41: فتح في تليجرام
A42: 41 | B42: الاقتصاد الإسلامي | C42: استشارات اقتصادية | F42: بيع الكتب الجامعية وتسعيرها والتربح منها | H42: صوتي | I42: 2025-11-05 | J42: فتح في تليجرام
A43: 42 | B43: الاقتصاد الإسلامي | C43: استشارات اقتصادية | F43: الاعتماد المستندي، خصم الأوراق التجارية | H43: صوتي | I43: 2025-11-06 | J43: فتح في تليجرام
A44: 43 | B44: الاقتصاد الإسلامي | C44: استشارات اقتصادية | F44: بيع الشقق بالرسوم الهندسية قبل بنائها | H44: صوتي | I44: 2025-11-07 | J44: فتح في تليجرام
A45: 44 | B45: الاقتصاد الإسلامي | C45: استشارات اقتصادية | F45: الاتفاق على أكثر من ثمن في عقود البيع واجارة الخدمات، حكم جدولة الديون | H45: صوتي | I45: 2025-11-12 | J45: فتح في تليجرام
A46: 45 | B46: الاقتصاد الإسلامي | C46: استشارات اقتصادية | F46: الدروب شيبينج، السمسرة في التجارة الإلكترونية | H46: صوتي | I46: 2025-11-13 | J46: فتح في تليجرام
A47: 46 | B47: الاقتصاد الإسلامي | C47: استشارات اقتصادية | F47: شراء أسهم مختلطة في شركات يدخل في بعض ايراداتها محرم | H47: صوتي | I47: 2025-11-29 | J47: فتح في تليجرام
A48: 47 | B48: الاقتصاد الإسلامي | C48: استشارات اقتصادية | F48: شركات "BNPL" اشتر الآن وادفع لاحقا مثل تمارا وتابي وفاليو | H48: صوتي | I48: 2025-11-29 | J48: فتح في تليجرام
A49: 48 | B49: الاقتصاد الإسلامي | C49: استشارات اقتصادية | F49: شراء أسهم مختلطة في شركات يدخل في بعض ايراداتها محرم | H49: صوتي | I49: 2025-12-08 | J49: فتح في تليجرام
A50: 49 | B50: الاقتصاد الإسلامي | C50: استشارات اقتصادية | F50: حكم شراء الذهب وتداوله عبر بورصات الذهب مثل بورصة شتوتغارت وفرانكفورت | H50: صوتي | I50: 2026-03-22 | J50: فتح في تليجرام
A51: 50 | B51: الاقتصاد الإسلامي | C51: استشارات اقتصادية | E51: 33 | F51: حكم تداول الاسهم في البورصة للشركات المتوافقة مع مؤشر الشريعة EGX33 . وصناديق الاستثمار | H51: صوتي | I51: 2026-05-14 | J51: فتح في تليجرام
A52: 51 | B52: الاقتصاد الإسلامي | C52: استشارات اقتصادية | F52: مسائل في الزكاة- تداول العملات الرقمية المشفرة - التورق المصرفي المنظم | H52: صوتي | I52: 2026-07-17 | J52: فتح في تليجرام
A53: 52 | B53: الاقتصاد الإسلامي | C53: استشارات اقتصادية | F53: تداول الذهب عبر المنصات-التورق المصرفي المنظم | H53: صوتي | I53: 2026-07-17 | J53: فتح في تليجرام
A54: 53 | B54: الاقتصاد الإسلامي | C54: استشارات اقتصادية | F54: من اشترى شقة بتمويل عقاري ربوي ويريد التوبة؟ | H54: صوتي | I54: 2026-08-16 | J54: فتح في تليجرام
A55: 54 | B55: الاقتصاد الإسلامي | C55: استشارات اقتصادية | F55: حكم غرامة التأخير على المدين المماطل، وبدائلها الشرعية | H55: صوتي | I55: 2026-08-19 | J55: فتح في تليجرام
A56: 55 | B56: الاقتصاد الإسلامي | C56: استشارات اقتصادية | F56: حكم إخراج المنفعة في الزكاة | G56: (كشف طبي - سكني شقة - تدريس - تحاليل...) • مناقشة الاجتهادات المعاصرة | H56: صوتي | I56: 2026-09-05 | J56: فتح في تليجرام
A57: 56 | B57: الاقتصاد الإسلامي | C57: استشارات اقتصادية | F57: الإيجار التمويلي =الإجارة المنتهية بالتمليك في مبادرة الإسكان الاجتماعي، وفي بيع السيارات | H57: صوتي | I57: 2026-09-18 | J57: فتح في تليجرام
A58: 57 | B58: الاقتصاد الإسلامي | C58: استشارات اقتصادية | F58: التسويق الشبكي (الهرمي) =MLM | H58: صوتي | I58: 2026-09-26 | J58: فتح في تليجرام
A59: 58 | B59: الاقتصاد الإسلامي | C59: استشارات اقتصادية | F59: الاستثمار والمعاملات مع الفروع الإسلامية (النوافذ) لدي البنوك التقليدية (الربوية) | H59: صوتي | I59: 2026-09-26 | J59: فتح في تليجرام
A60: 59 | B60: الاقتصاد الإسلامي | C60: استشارات اقتصادية | F60: الفرق بين البنوك التقليدية والبنوك الإسلامية | H60: صوتي | I60: 2026-09-27 | J60: فتح في تليجرام
A61: 60 | B61: الاقتصاد الإسلامي | C61: استشارات اقتصادية | F61: عمولات تحويل الأموال على المحافظ الإلكترونية | H61: صوتي | I61: 2026-09-27 | J61: فتح في تليجرام
A62: 61 | B62: الاقتصاد الإسلامي | C62: استشارات اقتصادية | F62: شراء السلع بالكميات باللوط (الجزاف) أحكامه وضوابطه | H62: صوتي | I62: 2026-09-28 | J62: فتح في تليجرام
A63: 62 | B63: الاقتصاد الإسلامي | C63: استشارات اقتصادية | F63: التجارة الإلكترونية والدروبشينج وأعمال السمسرة الإلكترونية | H63: صوتي | I63: 2026-09-30 | J63: فتح في تليجرام
A64: 63 | B64: الاقتصاد الإسلامي | C64: استشارات اقتصادية | F64: قراءة شرعية في كراسة شروط الإيجار التمويلي= الإجارة المنتهية بالتمليك | H64: صوتي | I64: 2026-10-09 | J64: فتح في تليجرام
A65: 64 | B65: الاقتصاد الإسلامي | C65: استشارات اقتصادية | F65: الحساب الجاري وحساب الراتب | G65: المزايا والهدايا والأحكام | H65: صوتي | I65: 2026-10-10 | J65: فتح في تليجرام
A66: 65 | B66: الاقتصاد الإسلامي | C66: استشارات اقتصادية | F66: الحساب الاستثماري وشهادات الاستثمار | G66: المزايا والهدايا والأحكام | H66: صوتي | I66: 2026-10-12 | J66: فتح في تليجرام
A67: 66 | B67: الاقتصاد الإسلامي | C67: استشارات اقتصادية | F67: نسبة التطهير في البنوك الإسلامية | H67: صوتي | I67: 2026-10-13 | J67: فتح في تليجرام
A68: 67 | B68: الاقتصاد الإسلامي | C68: النشرة الدورية للاقتصاد الإسلامي حول العالم | F68: النشرة الدورية: الأحد، 6 سبتمبر 2026 | G68: المحور الأول: المؤتمرات والفعاليات الدولية والندوات • المحور الثاني: المصارف الإسلامية وسوق الصكوك (الخليج، مصر، إفريقيا، آسيا، أوروبا، أمريكا) • المحور الثالث: الزكاة والوقف والتكافل الإسلامي • المحور الرابع: التكنولوجيا المالية الإسلامية (Islamic FinTech) | H68: منشور نصي | I68: 2026-09-06 | J68: فتح في تليجرام
A69: 68 | B69: الاقتصاد الإسلامي | C69: النشرة الدورية للاقتصاد الإسلامي حول العالم | F69: النشرة الدورية: الأربعاء، 9 سبتمبر 2026 | G69: المحور الأول: المؤتمرات والفعاليات الدولية والندوات • المحور الثاني: المصارف الإسلامية وسوق الصكوك (الخليج، مصر، إفريقيا، آسيا، أوروبا، أمريكا) • المحور الثالث: الزكاة والوقف والتكافل الإسلامي | H69: منشور نصي | I69: 2026-09-09 | J69: فتح في تليجرام
A70: 69 | B70: الاقتصاد الإسلامي | C70: النشرة الدورية للاقتصاد الإسلامي حول العالم | F70: النشرة الدورية: الإثنين، 21 سبتمبر 2026 | G70: المحور الأول: المستجدات الأخير للمؤتمرات والفعاليات الدولية • المحور الثاني: أحدث أخبار المصارف وسوق الصكوك الإسلامية • المحور الثالث: مستجدات مؤسسات الزكاة والوقف والتكافل • المحور الرابع: التكنولوجيا المالية الإسلامية (Islamic FinTech) | H70: منشور نصي | I70: 2026-09-21 | J70: فتح في تليجرام
A71: 70 | B71: الاقتصاد الإسلامي | C71: النشرة الدورية للاقتصاد الإسلامي حول العالم | F71: النشرة الدورية: الثلاثاء، 29 سبتمبر 2026 | G71: المحور الأول: الفعاليات والمؤتمرات الدولية والندوات (مستجدات الـ 24 ساعة الماضية) • المحور الثاني: المصارف الإسلامية وسوق الصكوك (الخليج، إفريقيا، آسيا، أوروبا، أمريكا) • المحور الثالث: الزكاة والوقف والتكافل الإسلامي • المحور الرابع: التكنولوجيا المالية الإسلامية (Islamic FinTech) | H71: منشور نصي | I71: 2026-09-29 | J71: فتح في تليجرام
A72: 71 | B72: الاقتصاد الإسلامي | C72: النشرة الدورية للاقتصاد الإسلامي حول العالم | F72: النشرة الدورية: السبت، 3 أكتوبر 2026 | G72: المحور الأول: الفعاليات والمؤتمرات الدولية والندوات (أحدث المستجدات) • المحور الثاني: المصارف الإسلامية وسوق الصكوك (الخليج، آسيا الوسطى، إفريقيا، أوروبا، أمريكا) • المحور الثالث: الزكاة والوقف والتكافل الإسلامي جنوب شرق آسيا (تكامل أوعية الوقف والتكافل المصغر) • المحور الرابع: التكنولوجيا المالية الإسلامية (Islamic FinTech) | H72: منشور نصي | I72: 2026-10-03 | J72: فتح في تليجرام
A73: 72 | B73: الاقتصاد الإسلامي | C73: النشرة الدورية للاقتصاد الإسلامي حول العالم | F73: النشرة الدورية: الثلاثاء، 6 أكتوبر 2026 | G73: المحور الأول: الفعاليات والمؤتمرات الدولية والندوات (أحدث مستجدات الـ 24 ساعة) • المحور الثاني: المصارف الإسلامية وسوق الصكوك (الخليج، إفريقيا، آسيا، أوروبا، أمريكا) • المحور الثالث: الزكاة والوقف والتكافل الإسلامي • المحور الرابع: التكنولوجيا المالية الإسلامية (Islamic FinTech) | H73: منشور نصي | I73: 2026-10-06 | J73: فتح في تليجرام
A74: 73 | B74: الاقتصاد الإسلامي | C74: النشرة الدورية للاقتصاد الإسلامي حول العالم | F74: النشرة الدورية: الأحد، 11 أكتوبر 2026 | G74: المحور الأول: الفعاليات والمؤتمرات الدولية والندوات (أحدث المستجدات) • المحور الثاني: المصارف الإسلامية وسوق الصكوك (الخليج، آسيا، إفريقيا، أوروبا، أمريكا) • المحور الثالث: الزكاة والوقف والتكافل الإسلامي • المحور الرابع: التكنولوجيا المالية الإسلامية (Islamic FinTech) | H74: منشور نصي | I74: 2026-10-11 | J74: فتح في تليجرام
A75: 74 | B75: الاقتصاد الإسلامي | C75: النشرة الدورية للاقتصاد الإسلامي حول العالم | F75: النشرة الدورية: الإثنين، 19 أكتوبر 2026 | G75: المحور الأول: الفعاليات والمؤتمرات الدولية والندوات (أحدث المستجدات) • المحور الثاني: المصارف الإسلامية وسوق الصكوك (الخليج، آسيا، إفريقيا، أوروبا، أمريكا) • المحور الثالث: الزكاة والوقف والتكافل الإسلامي • المحور الرابع: التكنولوجيا المالية الإسلامية (Islamic FinTech) | H75: منشور نصي | I75: 2026-10-19 | J75: فتح في تليجرام
A76: 75 | B76: الاقتصاد الإسلامي | C76: النشرة الدورية للاقتصاد الإسلامي حول العالم | F76: النشرة الدورية: السبت، 24 أكتوبر 2026 | G76: المحور الأول: الفعاليات والمؤتمرات الدولية والندوات (أحدث المستجدات) • المحور الثاني: المصارف الإسلامية وسوق الصكوك (الخليج، إفريقيا، آسيا، أوروبا، أمريكا) • المحور الثالث: الزكاة والوقف والتكافل الإسلامي • المحور الرابع: التكنولوجيا المالية الإسلامية (Islamic FinTech) | H76: منشور نصي | I76: 2026-10-24 | J76: فتح في تليجرام
A77: 76 | B77: الاقتصاد الإسلامي | C77: النشرة الدورية للاقتصاد الإسلامي حول العالم | F77: النشرة الدورية: الخميس، 29 أكتوبر 2026 | G77: المحور الأول: الفعاليات والمؤتمرات الدولية والندوات (أحدث المستجدات) • المحور الثاني: المصارف الإسلامية وسوق الصكوك (الخليج، إفريقيا، آسيا، أوروبا، أمريكا) • المحور الثالث: الزكاة والوقف والتكافل الإسلامي • المحور الرابع: التكنولوجيا المالية الإسلامية (Islamic FinTech) | H77: منشور نصي | I77: 2026-10-29 | J77: فتح في تليجرام
A78: 77 | B78: الاقتصاد الإسلامي | C78: محاضرات في الاقتصاد الإسلامي | E78: 27 | F78: شرح كتاب البيوع والكسب والزهد-27 | G78: فضل الزهد والاستغناء عن الناس • فضل الصدقة | H78: صوتي | I78: 2022-10-28 | J78: فتح في تليجرام
A79: 78 | B79: الاقتصاد الإسلامي | C79: محاضرات في الاقتصاد الإسلامي | F79: محاضرة | G79: أساسيات علم الاقتصاد الإسلامي. • (مفهومه-خصائصه - أهدافه - مبادئه) | H79: صوتي | I79: 2023-10-13 | J79: فتح في تليجرام
A80: 79 | B80: الاقتصاد الإسلامي | C80: محاضرات في الاقتصاد الإسلامي | E80: 2 | F80: صيغ التمويل الإسلامية-2 | G80: عقد السلم والسلم الموازي. | H80: صوتي | I80: 2023-10-13 | J80: فتح في تليجرام
A81: 80 | B81: الاقتصاد الإسلامي | C81: محاضرات في الاقتصاد الإسلامي | E81: 1 | F81: صيغ التمويل الإسلامية-1 | G81: المرابحة | H81: صوتي | I81: 2023-10-13 | J81: فتح في تليجرام
A82: 81 | B82: الاقتصاد الإسلامي | C82: محاضرات في الاقتصاد الإسلامي | E82: 3 | F82: صيغ التمويل الإسلامية-3 | G82: عقد الاستصناع والاستصناع الموازي. | H82: صوتي | I82: 2023-10-13 | J82: فتح في تليجرام
A83: 82 | B83: الاقتصاد الإسلامي | C83: محاضرات في الاقتصاد الإسلامي | E83: 4 | F83: صيغة التمويل الإسلامية-4 | G83: عقد الاجارة والاجارة المنتهية بالتمليك. | H83: صوتي | I83: 2023-10-14 | J83: فتح في تليجرام
A84: 83 | B84: الاقتصاد الإسلامي | C84: محاضرات في الاقتصاد الإسلامي | F84: الاستثمار الإسلامي وانواعه | G84: (أنواع الشركات - المضاربة - المزارعة والمساقاة-المشاركة المتناقصة- أنواع الشركات المعاصرة). | H84: صوتي | I84: 2023-10-14 | J84: فتح في تليجرام
A85: 84 | B85: الاقتصاد الإسلامي | C85: محاضرات في الاقتصاد الإسلامي | F85: المشكلة الاقتصادية من منظور الاقتصاد الإسلامي | H85: صوتي | I85: 2023-12-22 | J85: فتح في تليجرام
A86: 85 | B86: الاقتصاد الإسلامي | C86: محاضرات في الاقتصاد الإسلامي | E86: 1 | F86: أصول المعاملات المحرمة - 1 | H86: صوتي | I86: 2023-12-22 | J86: فتح في تليجرام
A87: 86 | B87: الاقتصاد الإسلامي | C87: محاضرات في الاقتصاد الإسلامي | E87: 2 | F87: أصول المعاملات المحرمة - 2 | H87: صوتي | I87: 2024-01-12 | J87: فتح في تليجرام
A88: 87 | B88: الاقتصاد الإسلامي | C88: محاضرات في الاقتصاد الإسلامي | F88: النظام المصرفي الإسلامي وخصائصه، بعض صيغ العقود المصرفية | H88: صوتي | I88: 2024-01-12 | J88: فتح في تليجرام
A89: 88 | B89: الاقتصاد الإسلامي | C89: محاضرات في الاقتصاد الإسلامي | F89: النظام المصرفي الإسلامي الرسوم المصرفية، الحساب الجاري، الحساب الاستثماري | H89: صوتي | I89: 2024-01-12 | J89: فتح في تليجرام
A90: 89 | B90: الاقتصاد الإسلامي | C90: محاضرات في الاقتصاد الإسلامي | F90: حساب الأرباح في الحسابات الاستثمارية في المصارف الإسلامية | H90: صوتي | I90: 2024-01-26 | J90: فتح في تليجرام
A91: 90 | B91: الاقتصاد الإسلامي | C91: محاضرات في الاقتصاد الإسلامي | F91: (الأسواق المالية - أدوات الاستثمار-أنواع الاسهم واحكامها - المصارف الإسلامية بين الواقع والمأمول - مخاطر الاستثمار وطرق التحوط منها) | H91: صوتي | I91: 2024-01-26 | J91: فتح في تليجرام
A92: 91 | B92: الاقتصاد الإسلامي | C92: محاضرات في الاقتصاد الإسلامي | F92: صيغ التمويل الإسلامي | G92: (المرابحة المصرفية - السلم - الاستصناع) | H92: صوتي | I92: 2024-01-26 | J92: فتح في تليجرام
A93: 92 | B93: الاقتصاد الإسلامي | C93: محاضرات في الاقتصاد الإسلامي | F93: صيغ التمويل الإسلامي | G93: (التمويل بالإجارة-الإجارة المنتهية بالتمليك) • صيغ الاستثمار • (أنواع الاستثمار - أنواع الشركات - المضاربة - المزارعة والمساقاة-المشاركة المتناقصة - الشركات الحديثة) | H93: فيديو | I93: 2024-02-02 | J93: فتح في تليجرام
A94: 93 | B94: الاقتصاد الإسلامي | C94: محاضرات في الاقتصاد الإسلامي | F94: صيغ التمويل الإسلامي | G94: (التمويل بالإجارة-الإجارة المنتهية بالتمليك) | H94: صوتي | I94: 2024-02-02 | J94: فتح في تليجرام
A95: 94 | B95: الاقتصاد الإسلامي | C95: محاضرات في الاقتصاد الإسلامي | F95: صيغ الاستثمار | G95: (أنواع الاستثمار - أنواع الشركات - المضاربة - المزارعة والمساقاة-المشاركة المتناقصة - الشركات الحديثة) | H95: صوتي | I95: 2024-02-02 | J95: فتح في تليجرام
A96: 95 | B96: الاقتصاد الإسلامي | C96: محاضرات في الاقتصاد الإسلامي | F96: الفرق بين بيع العربون الشرعي، هامش الجدية، بيع العربون الشائع | H96: صوتي | I96: 2024-05-17 | J96: فتح في تليجرام
A97: 96 | B97: الاقتصاد الإسلامي | C97: محاضرات في الاقتصاد الإسلامي | F97: التورق المصرفي في المصارف الإسلامية وحكمه الشرعي | H97: صوتي | I97: 2024-05-17 | J97: فتح في تليجرام
A98: 97 | B98: الاقتصاد الإسلامي | C98: محاضرات في الاقتصاد الإسلامي | F98: حساب الأرباح في الحسابات الاستثمارية | H98: فيديو | I98: 2024-08-29 | J98: فتح في تليجرام
A99: 98 | B99: الاقتصاد الإسلامي | C99: محاضرات في الاقتصاد الإسلامي | F99: الحسابات الجارية والاستثمارية | H99: فيديو | I99: 2024-08-29 | J99: فتح في تليجرام
A100: 99 | B100: الاقتصاد الإسلامي | C100: محاضرات في الاقتصاد الإسلامي | F100: النظام المصرفي الإسلامي | H100: فيديو | I100: 2024-08-29 | J100: فتح في تليجرام
...

Sheet الاقتصاد الإسلامي
A1: م | B1: التصنيف | C1: السلسلة | D1: الكتاب / الباب | E1: رقم الدرس | F1: عنوان الدرس | G1: الموضوعات | H1: النوع | I1: التاريخ | J1: الرابط
A2: 1 | B2: الاقتصاد الإسلامي | C2: شرح مقدمة في الاقتصاد الإسلامي | E2: 1 | F2: مقدمة اقتصاد إسلامي | G2: خصائص الاقتصاد الإسلامي - 1 | H2: صوتي | I2: 2024-11-29 | J2: فتح في تليجرام
A3: 2 | B3: الاقتصاد الإسلامي | C3: شرح مقدمة في الاقتصاد الإسلامي | E3: 2 | F3: مقدمة اقتصاد إسلامي | G3: مباديء الاقتصاد الإسلامي، دوره في علاج الأزمة الاقتصادية | H3: صوتي | I3: 2024-11-29 | J3: فتح في تليجرام
A4: 3 | B4: الاقتصاد الإسلامي | C4: شرح مقدمة في الاقتصاد الإسلامي | F4: شرح مقدمة في الاقتصاد الإسلامي (2024-11-30) | H4: PDF | I4: 2024-11-30 | J4: فتح في تليجرام
A5: 4 | B5: الاقتصاد الإسلامي | C5: شرح كتاب أربعون قاعدة في فقه معاملات الأسواق | F5: شرح كتاب أربعون قاعدة في فقه معاملات الأسواق (2026-07-17) | H5: صوتي | I5: 2026-07-17 | J5: فتح في تليجرام
A6: 5 | B6: الاقتصاد الإسلامي | C6: استشارات اقتصادية | E6: 28 | F6: شرح كتاب البيوع والكسب والزهد-28 | G6: فضل مايؤكل من الزرع والغرس • احكام الرجوع في الهبة • حكم الاحتكار، ضوابط الاحتكار المحرم، جزاء المحتكر | H6: صوتي | I6: 2022-10-29 | J6: فتح في تليجرام
A7: 6 | B7: الاقتصاد الإسلامي | C7: استشارات اقتصادية | E7: 29 | F7: شرح كتاب البيوع والكسب والزهد-29 | G7: الاقالة في البيع • حكم بيع الوفاء • من باع بيعتين فى بيعة فله اوكسهما أو الربا | H7: صوتي | I7: 2022-10-30 | J7: فتح في تليجرام
A8: 7 | B8: الاقتصاد الإسلامي | C8: استشارات اقتصادية | F8: أحكام وفتاوى مهمة: صور التحويل عبر فودافون كاش | G8: صور التحويل عن طريق فودافون كاش واحكامها • حكم سلفني شكرا | H8: صوتي | I8: 2023-08-14 | J8: فتح في تليجرام
A9: 8 | B9: الاقتصاد الإسلامي | C9: استشارات اقتصادية | F9: فتاوي اقتصادية | H9: صوتي | I9: 2023-10-14 | J9: فتح في تليجرام
A10: 9 | B10: الاقتصاد الإسلامي | C10: استشارات اقتصادية | F10: حكم مبادرة جمارك السيارات | H10: صوتي | I10: 2023-12-22 | J10: فتح في تليجرام
A11: 10 | B11: الاقتصاد الإسلامي | C11: استشارات اقتصادية | E11: 3 | F11: 3.المجلس الثالث | H11: صوتي | I11: 2024-01-12 | J11: فتح في تليجرام
A12: 11 | B12: الاقتصاد الإسلامي | C12: استشارات اقتصادية | E12: 4 | F12: 4.المجلس الرابع | H12: صوتي | I12: 2024-01-26 | J12: فتح في تليجرام
A13: 12 | B13: الاقتصاد الإسلامي | C13: استشارات اقتصادية | E13: 5 | F13: 5.المجلس الخامس | H13: صوتي | I13: 2024-01-26 | J13: فتح في تليجرام
A14: 13 | B14: الاقتصاد الإسلامي | C14: استشارات اقتصادية | E14: 6 | F14: 6. المجلس السادس | H14: صوتي | I14: 2024-02-02 | J14: فتح في تليجرام
A15: 14 | B15: الاقتصاد الإسلامي | C15: استشارات اقتصادية | E15: 7 | F15: 7. المجلس السابع | H15: صوتي | I15: 2024-02-02 | J15: فتح في تليجرام
A16: 15 | B16: الاقتصاد الإسلامي | C16: استشارات اقتصادية | E16: 1 | F16: البيوع 1 | H16: صوتي | I16: 2024-05-01 | J16: فتح في تليجرام
A17: 16 | B17: الاقتصاد الإسلامي | C17: استشارات اقتصادية | E17: 3 | F17: البيوع 3 | H17: صوتي | I17: 2024-05-09 | J17: فتح في تليجرام
A18: 17 | B18: الاقتصاد الإسلامي | C18: استشارات اقتصادية | E18: 9 | F18: البيوع 9 | H18: صوتي | I18: 2024-08-28 | J18: فتح في تليجرام
A19: 18 | B19: الاقتصاد الإسلامي | C19: استشارات اقتصادية | F19: أنواع البطاقات الائتمانية | G19: حكم شراء الذهب بالكريدت كارد | H19: صوتي | I19: 2024-08-29 | J19: فتح في تليجرام
A20: 19 | B20: الاقتصاد الإسلامي | C20: استشارات اقتصادية | E20: 5 | F20: البيوع 5 | H20: صوتي | I20: 2024-08-29 | J20: فتح في تليجرام
A21: 20 | B21: الاقتصاد الإسلامي | C21: استشارات اقتصادية | F21: حكم شراء الذهب عن طريق الانستاباي | H21: صوتي | I21: 2024-08-30 | J21: فتح في تليجرام
A22: 21 | B22: الاقتصاد الإسلامي | C22: استشارات اقتصادية | E22: 10 | F22: البيوع 10 | H22: صوتي | I22: 2024-09-12 | J22: فتح في تليجرام
A23: 22 | B23: الاقتصاد الإسلامي | C23: استشارات اقتصادية | E23: 11 | F23: البيوع 11 | H23: صوتي | I23: 2024-09-23 | J23: فتح في تليجرام
A24: 23 | B24: الاقتصاد الإسلامي | C24: استشارات اقتصادية | E24: 12 | F24: البيوع 12 | H24: صوتي | I24: 2024-09-23 | J24: فتح في تليجرام
A25: 24 | B25: الاقتصاد الإسلامي | C25: استشارات اقتصادية | E25: 14 | F25: البيوع 14 | H25: صوتي | I25: 2024-10-17 | J25: فتح في تليجرام
A26: 25 | B26: الاقتصاد الإسلامي | C26: استشارات اقتصادية | F26: فتاوي اقتصادية | G26: حكم شراء أسهم في شركة اصل نشاطها حلال، وتمارس بعض المعاملات الربوية. | H26: صوتي | I26: 2024-11-18 | J26: فتح في تليجرام
A27: 26 | B27: الاقتصاد الإسلامي | C27: استشارات اقتصادية | F27: فتاوي اقتصادية | G27: حساب زكاة الشركات ورواتب العمال. | H27: صوتي | I27: 2024-11-18 | J27: فتح في تليجرام
A28: 27 | B28: الاقتصاد الإسلامي | C28: استشارات اقتصادية | F28: حكم العمل في شركة RGA واخذ اجر على المشاهدات | H28: صوتي | I28: 2025-01-05 | J28: فتح في تليجرام
A29: 28 | B29: الاقتصاد الإسلامي | C29: استشارات اقتصادية | F29: حكم شقق الاسكان الاجتماعي | G29: ولو ربا • ايه وجه الربا ال فيها ؟ | H29: صوتي | I29: 2025-01-06 | J29: فتح في تليجرام
A30: 29 | B30: الاقتصاد الإسلامي | C30: استشارات اقتصادية | F30: فتاوي اقتصادية | H30: صوتي | I30: 2025-01-06 | J30: فتح في تليجرام
A31: 30 | B31: الاقتصاد الإسلامي | C31: استشارات اقتصادية | F31: فتاوي اقتصادية | H31: صوتي | I31: 2025-01-26 | J31: فتح في تليجرام
A32: 31 | B32: الاقتصاد الإسلامي | C32: استشارات اقتصادية | F32: فتاوي اقتصادية | H32: صوتي | I32: 2025-01-26 | J32: فتح في تليجرام
A33: 32 | B33: الاقتصاد الإسلامي | C33: استشارات اقتصادية | F33: حكم البيع والشراء عبر الدروبشوبينج | H33: صوتي | I33: 2025-05-03 | J33: فتح في تليجرام
A34: 33 | B34: الاقتصاد الإسلامي | C34: استشارات اقتصادية | F34: ملخص صور تمويل البنوك للسيارات والعقارات | G34: القرض التقليدي • المرابحة. • الإجارة المنتهية بالتمليك • المشاركة المتناقصة | H34: صوتي | I34: 2025-05-20 | J34: فتح في تليجرام
A35: 34 | B35: الاقتصاد الإسلامي | C35: استشارات اقتصادية | F35: شراء الشقق بالرسوم الهندسية قبل بنائها، المخرج الشرعي | H35: صوتي | I35: 2025-08-27 | J35: فتح في تليجرام
A36: 35 | B36: الاقتصاد الإسلامي | C36: استشارات اقتصادية | F36: بيع المرابحة للآمر بالشراء والمشاركة المتناقصة في تمويل المصارف الإسلامية للسيارات والعقارات | H36: صوتي | I36: 2025-08-27 | J36: فتح في تليجرام
A37: 36 | B37: الاقتصاد الإسلامي | C37: استشارات اقتصادية | F37: تيلدا | H37: صوتي | I37: 2025-09-04 | J37: فتح في تليجرام
A38: 37 | B38: الاقتصاد الإسلامي | C38: استشارات اقتصادية | F38: رياض الجنة (م محمود علي) "قناة علمية - دعوية - فكرية" | G38: حكم بيع الأرقام الوهمية بالعملات الرقمية | H38: صوتي | I38: 2025-09-22 | J38: فتح في تليجرام
A39: 38 | B39: الاقتصاد الإسلامي | C39: استشارات اقتصادية | F39: بيع الأرض المخصصة من قبل الدولة قبل قبضها | H39: صوتي | I39: 2025-10-20 | J39: فتح في تليجرام
A40: 39 | B40: الاقتصاد الإسلامي | C40: استشارات اقتصادية | F40: غرامة التأخير وأثره في العقود | H40: صوتي | I40: 2025-10-20 | J40: فتح في تليجرام
A41: 40 | B41: الاقتصاد الإسلامي | C41: استشارات اقتصادية | F41: حكم مبادرة الاعفاء الجمركي للسيارات للعاملين بالخارج وحكم بيعها وتداولها | H41: صوتي | I41: 2025-11-01 | J41: فتح في تليجرام
A42: 41 | B42: الاقتصاد الإسلامي | C42: استشارات اقتصادية | F42: بيع الكتب الجامعية وتسعيرها والتربح منها | H42: صوتي | I42: 2025-11-05 | J42: فتح في تليجرام
A43: 42 | B43: الاقتصاد الإسلامي | C43: استشارات اقتصادية | F43: الاعتماد المستندي، خصم الأوراق التجارية | H43: صوتي | I43: 2025-11-06 | J43: فتح في تليجرام
A44: 43 | B44: الاقتصاد الإسلامي | C44: استشارات اقتصادية | F44: بيع الشقق بالرسوم الهندسية قبل بنائها | H44: صوتي | I44: 2025-11-07 | J44: فتح في تليجرام
A45: 44 | B45: الاقتصاد الإسلامي | C45: استشارات اقتصادية | F45: الاتفاق على أكثر من ثمن في عقود البيع واجارة الخدمات، حكم جدولة الديون | H45: صوتي | I45: 2025-11-12 | J45: فتح في تليجرام
A46: 45 | B46: الاقتصاد الإسلامي | C46: استشارات اقتصادية | F46: الدروب شيبينج، السمسرة في التجارة الإلكترونية | H46: صوتي | I46: 2025-11-13 | J46: فتح في تليجرام
A47: 46 | B47: الاقتصاد الإسلامي | C47: استشارات اقتصادية | F47: شراء أسهم مختلطة في شركات يدخل في بعض ايراداتها محرم | H47: صوتي | I47: 2025-11-29 | J47: فتح في تليجرام
A48: 47 | B48: الاقتصاد الإسلامي | C48: استشارات اقتصادية | F48: شركات "BNPL" اشتر الآن وادفع لاحقا مثل تمارا وتابي وفاليو | H48: صوتي | I48: 2025-11-29 | J48: فتح في تليجرام
A49: 48 | B49: الاقتصاد الإسلامي | C49: استشارات اقتصادية | F49: شراء أسهم مختلطة في شركات يدخل في بعض ايراداتها محرم | H49: صوتي | I49: 2025-12-08 | J49: فتح في تليجرام
A50: 49 | B50: الاقتصاد الإسلامي | C50: استشارات اقتصادية | F50: حكم شراء الذهب وتداوله عبر بورصات الذهب مثل بورصة شتوتغارت وفرانكفورت | H50: صوتي | I50: 2026-03-22 | J50: فتح في تليجرام
A51: 50 | B51: الاقتصاد الإسلامي | C51: استشارات اقتصادية | E51: 33 | F51: حكم تداول الاسهم في البورصة للشركات المتوافقة مع مؤشر الشريعة EGX33 . وصناديق الاستثمار | H51: صوتي | I51: 2026-05-14 | J51: فتح في تليجرام
A52: 51 | B52: الاقتصاد الإسلامي | C52: استشارات اقتصادية | F52: مسائل في الزكاة- تداول العملات الرقمية المشفرة - التورق المصرفي المنظم | H52: صوتي | I52: 2026-07-17 | J52: فتح في تليجرام
A53: 52 | B53: الاقتصاد الإسلامي | C53: استشارات اقتصادية | F53: تداول الذهب عبر المنصات-التورق المصرفي المنظم | H53: صوتي | I53: 2026-07-17 | J53: فتح في تليجرام
A54: 53 | B54: الاقتصاد الإسلامي | C54: استشارات اقتصادية | F54: من اشترى شقة بتمويل عقاري ربوي ويريد التوبة؟ | H54: صوتي | I54: 2026-08-16 | J54: فتح في تليجرام
A55: 54 | B55: الاقتصاد الإسلامي | C55: استشارات اقتصادية | F55: حكم غرامة التأخير على المدين المماطل، وبدائلها الشرعية | H55: صوتي | I55: 2026-08-19 | J55: فتح في تليجرام
A56: 55 | B56: الاقتصاد الإسلامي | C56: استشارات اقتصادية | F56: حكم إخراج المنفعة في الزكاة | G56: (كشف طبي - سكني شقة - تدريس - تحاليل...) • مناقشة الاجتهادات المعاصرة | H56: صوتي | I56: 2026-09-05 | J56: فتح في تليجرام
A57: 56 | B57: الاقتصاد الإسلامي | C57: استشارات اقتصادية | F57: الإيجار التمويلي =الإجارة المنتهية بالتمليك في مبادرة الإسكان الاجتماعي، وفي بيع السيارات | H57: صوتي | I57: 2026-09-18 | J57: فتح في تليجرام
A58: 57 | B58: الاقتصاد الإسلامي | C58: استشارات اقتصادية | F58: التسويق الشبكي (الهرمي) =MLM | H58: صوتي | I58: 2026-09-26 | J58: فتح في تليجرام
A59: 58 | B59: الاقتصاد الإسلامي | C59: استشارات اقتصادية | F59: الاستثمار والمعاملات مع الفروع الإسلامية (النوافذ) لدي البنوك التقليدية (الربوية) | H59: صوتي | I59: 2026-09-26 | J59: فتح في تليجرام
A60: 59 | B60: الاقتصاد الإسلامي | C60: استشارات اقتصادية | F60: الفرق بين البنوك التقليدية والبنوك الإسلامية | H60: صوتي | I60: 2026-09-27 | J60: فتح في تليجرام
A61: 60 | B61: الاقتصاد الإسلامي | C61: استشارات اقتصادية | F61: عمولات تحويل الأموال على المحافظ الإلكترونية | H61: صوتي | I61: 2026-09-27 | J61: فتح في تليجرام
A62: 61 | B62: الاقتصاد الإسلامي | C62: استشارات اقتصادية | F62: شراء السلع بالكميات باللوط (الجزاف) أحكامه وضوابطه | H62: صوتي | I62: 2026-09-28 | J62: فتح في تليجرام
A63: 62 | B63: الاقتصاد الإسلامي | C63: استشارات اقتصادية | F63: التجارة الإلكترونية والدروبشينج وأعمال السمسرة الإلكترونية | H63: صوتي | I63: 2026-09-30 | J63: فتح في تليجرام
A64: 63 | B64: الاقتصاد الإسلامي | C64: استشارات اقتصادية | F64: قراءة شرعية في كراسة شروط الإيجار التمويلي= الإجارة المنتهية بالتمليك | H64: صوتي | I64: 2026-10-09 | J64: فتح في تليجرام
A65: 64 | B65: الاقتصاد الإسلامي | C65: استشارات اقتصادية | F65: الحساب الجاري وحساب الراتب | G65: المزايا والهدايا والأحكام | H65: صوتي | I65: 2026-10-10 | J65: فتح في تليجرام
A66: 65 | B66: الاقتصاد الإسلامي | C66: استشارات اقتصادية | F66: الحساب الاستثماري وشهادات الاستثمار | G66: المزايا والهدايا والأحكام | H66: صوتي | I66: 2026-10-12 | J66: فتح في تليجرام
A67: 66 | B67: الاقتصاد الإسلامي | C67: استشارات اقتصادية | F67: نسبة التطهير في البنوك الإسلامية | H67: صوتي | I67: 2026-10-13 | J67: فتح في تليجرام
A68: 67 | B68: الاقتصاد الإسلامي | C68: النشرة الدورية للاقتصاد الإسلامي حول العالم | F68: النشرة الدورية: الأحد، 6 سبتمبر 2026 | G68: المحور الأول: المؤتمرات والفعاليات الدولية والندوات • المحور الثاني: المصارف الإسلامية وسوق الصكوك (الخليج، مصر، إفريقيا، آسيا، أوروبا، أمريكا) • المحور الثالث: الزكاة والوقف والتكافل الإسلامي • المحور الرابع: التكنولوجيا المالية الإسلامية (Islamic FinTech) | H68: منشور نصي | I68: 2026-09-06 | J68: فتح في تليجرام
A69: 68 | B69: الاقتصاد الإسلامي | C69: النشرة الدورية للاقتصاد الإسلامي حول العالم | F69: النشرة الدورية: الأربعاء، 9 سبتمبر 2026 | G69: المحور الأول: المؤتمرات والفعاليات الدولية والندوات • المحور الثاني: المصارف الإسلامية وسوق الصكوك (الخليج، مصر، إفريقيا، آسيا، أوروبا، أمريكا) • المحور الثالث: الزكاة والوقف والتكافل الإسلامي | H69: منشور نصي | I69: 2026-09-09 | J69: فتح في تليجرام
A70: 69 | B70: الاقتصاد الإسلامي | C70: النشرة الدورية للاقتصاد الإسلامي حول العالم | F70: النشرة الدورية: الإثنين، 21 سبتمبر 2026 | G70: المحور الأول: المستجدات الأخير للمؤتمرات والفعاليات الدولية • المحور الثاني: أحدث أخبار المصارف وسوق الصكوك الإسلامية • المحور الثالث: مستجدات مؤسسات الزكاة والوقف والتكافل • المحور الرابع: التكنولوجيا المالية الإسلامية (Islamic FinTech) | H70: منشور نصي | I70: 2026-09-21 | J70: فتح في تليجرام
A71: 70 | B71: الاقتصاد الإسلامي | C71: النشرة الدورية للاقتصاد الإسلامي حول العالم | F71: النشرة الدورية: الثلاثاء، 29 سبتمبر 2026 | G71: المحور الأول: الفعاليات والمؤتمرات الدولية والندوات (مستجدات الـ 24 ساعة الماضية) • المحور الثاني: المصارف الإسلامية وسوق الصكوك (الخليج، إفريقيا، آسيا، أوروبا، أمريكا) • المحور الثالث: الزكاة والوقف والتكافل الإسلامي • المحور الرابع: التكنولوجيا المالية الإسلامية (Islamic FinTech) | H71: منشور نصي | I71: 2026-09-29 | J71: فتح في تليجرام
A72: 71 | B72: الاقتصاد الإسلامي | C72: النشرة الدورية للاقتصاد الإسلامي حول العالم | F72: النشرة الدورية: السبت، 3 أكتوبر 2026 | G72: المحور الأول: الفعاليات والمؤتمرات الدولية والندوات (أحدث المستجدات) • المحور الثاني: المصارف الإسلامية وسوق الصكوك (الخليج، آسيا الوسطى، إفريقيا، أوروبا، أمريكا) • المحور الثالث: الزكاة والوقف والتكافل الإسلامي جنوب شرق آسيا (تكامل أوعية الوقف والتكافل المصغر) • المحور الرابع: التكنولوجيا المالية الإسلامية (Islamic FinTech) | H72: منشور نصي | I72: 2026-10-03 | J72: فتح في تليجرام
A73: 72 | B73: الاقتصاد الإسلامي | C73: النشرة الدورية للاقتصاد الإسلامي حول العالم | F73: النشرة الدورية: الثلاثاء، 6 أكتوبر 2026 | G73: المحور الأول: الفعاليات والمؤتمرات الدولية والندوات (أحدث مستجدات الـ 24 ساعة) • المحور الثاني: المصارف الإسلامية وسوق الصكوك (الخليج، إفريقيا، آسيا، أوروبا، أمريكا) • المحور الثالث: الزكاة والوقف والتكافل الإسلامي • المحور الرابع: التكنولوجيا المالية الإسلامية (Islamic FinTech) | H73: منشور نصي | I73: 2026-10-06 | J73: فتح في تليجرام
A74: 73 | B74: الاقتصاد الإسلامي | C74: النشرة الدورية للاقتصاد الإسلامي حول العالم | F74: النشرة الدورية: الأحد، 11 أكتوبر 2026 | G74: المحور الأول: الفعاليات والمؤتمرات الدولية والندوات (أحدث المستجدات) • المحور الثاني: المصارف الإسلامية وسوق الصكوك (الخليج، آسيا، إفريقيا، أوروبا، أمريكا) • المحور الثالث: الزكاة والوقف والتكافل الإسلامي • المحور الرابع: التكنولوجيا المالية الإسلامية (Islamic FinTech) | H74: منشور نصي | I74: 2026-10-11 | J74: فتح في تليجرام
A75: 74 | B75: الاقتصاد الإسلامي | C75: النشرة الدورية للاقتصاد الإسلامي حول العالم | F75: النشرة الدورية: الإثنين، 19 أكتوبر 2026 | G75: المحور الأول: الفعاليات والمؤتمرات الدولية والندوات (أحدث المستجدات) • المحور الثاني: المصارف الإسلامية وسوق الصكوك (الخليج، آسيا، إفريقيا، أوروبا، أمريكا) • المحور الثالث: الزكاة والوقف والتكافل الإسلامي • المحور الرابع: التكنولوجيا المالية الإسلامية (Islamic FinTech) | H75: منشور نصي | I75: 2026-10-19 | J75: فتح في تليجرام
A76: 75 | B76: الاقتصاد الإسلامي | C76: النشرة الدورية للاقتصاد الإسلامي حول العالم | F76: النشرة الدورية: السبت، 24 أكتوبر 2026 | G76: المحور الأول: الفعاليات والمؤتمرات الدولية والندوات (أحدث المستجدات) • المحور الثاني: المصارف الإسلامية وسوق الصكوك (الخليج، إفريقيا، آسيا، أوروبا، أمريكا) • المحور الثالث: الزكاة والوقف والتكافل الإسلامي • المحور الرابع: التكنولوجيا المالية الإسلامية (Islamic FinTech) | H76: منشور نصي | I76: 2026-10-24 | J76: فتح في تليجرام
A77: 76 | B77: الاقتصاد الإسلامي | C77: النشرة الدورية للاقتصاد الإسلامي حول العالم | F77: النشرة الدورية: الخميس، 29 أكتوبر 2026 | G77: المحور الأول: الفعاليات والمؤتمرات الدولية والندوات (أحدث المستجدات) • المحور الثاني: المصارف الإسلامية وسوق الصكوك (الخليج، إفريقيا، آسيا، أوروبا، أمريكا) • المحور الثالث: الزكاة والوقف والتكافل الإسلامي • المحور الرابع: التكنولوجيا المالية الإسلامية (Islamic FinTech) | H77: منشور نصي | I77: 2026-10-29 | J77: فتح في تليجرام
A78: 77 | B78: الاقتصاد الإسلامي | C78: محاضرات في الاقتصاد الإسلامي | E78: 27 | F78: شرح كتاب البيوع والكسب والزهد-27 | G78: فضل الزهد والاستغناء عن الناس • فضل الصدقة | H78: صوتي | I78: 2022-10-28 | J78: فتح في تليجرام
A79: 78 | B79: الاقتصاد الإسلامي | C79: محاضرات في الاقتصاد الإسلامي | F79: محاضرة | G79: أساسيات علم الاقتصاد الإسلامي. • (مفهومه-خصائصه - أهدافه - مبادئه) | H79: صوتي | I79: 2023-10-13 | J79: فتح في تليجرام
A80: 79 | B80: الاقتصاد الإسلامي | C80: محاضرات في الاقتصاد الإسلامي | E80: 2 | F80: صيغ التمويل الإسلامية-2 | G80: عقد السلم والسلم الموازي. | H80: صوتي | I80: 2023-10-13 | J80: فتح في تليجرام
A81: 80 | B81: الاقتصاد الإسلامي | C81: محاضرات في الاقتصاد الإسلامي | E81: 1 | F81: صيغ التمويل الإسلامية-1 | G81: المرابحة | H81: صوتي | I81: 2023-10-13 | J81: فتح في تليجرام
A82: 81 | B82: الاقتصاد الإسلامي | C82: محاضرات في الاقتصاد الإسلامي | E82: 3 | F82: صيغ التمويل الإسلامية-3 | G82: عقد الاستصناع والاستصناع الموازي. | H82: صوتي | I82: 2023-10-13 | J82: فتح في تليجرام
A83: 82 | B83: الاقتصاد الإسلامي | C83: محاضرات في الاقتصاد الإسلامي | E83: 4 | F83: صيغة التمويل الإسلامية-4 | G83: عقد الاجارة والاجارة المنتهية بالتمليك. | H83: صوتي | I83: 2023-10-14 | J83: فتح في تليجرام
A84: 83 | B84: الاقتصاد الإسلامي | C84: محاضرات في الاقتصاد الإسلامي | F84: الاستثمار الإسلامي وانواعه | G84: (أنواع الشركات - المضاربة - المزارعة والمساقاة-المشاركة المتناقصة- أنواع الشركات المعاصرة). | H84: صوتي | I84: 2023-10-14 | J84: فتح في تليجرام
A85: 84 | B85: الاقتصاد الإسلامي | C85: محاضرات في الاقتصاد الإسلامي | F85: المشكلة الاقتصادية من منظور الاقتصاد الإسلامي | H85: صوتي | I85: 2023-12-22 | J85: فتح في تليجرام
A86: 85 | B86: الاقتصاد الإسلامي | C86: محاضرات في الاقتصاد الإسلامي | E86: 1 | F86: أصول المعاملات المحرمة - 1 | H86: صوتي | I86: 2023-12-22 | J86: فتح في تليجرام
A87: 86 | B87: الاقتصاد الإسلامي | C87: محاضرات في الاقتصاد الإسلامي | E87: 2 | F87: أصول المعاملات المحرمة - 2 | H87: صوتي | I87: 2024-01-12 | J87: فتح في تليجرام
A88: 87 | B88: الاقتصاد الإسلامي | C88: محاضرات في الاقتصاد الإسلامي | F88: النظام المصرفي الإسلامي وخصائصه، بعض صيغ العقود المصرفية | H88: صوتي | I88: 2024-01-12 | J88: فتح في تليجرام
A89: 88 | B89: الاقتصاد الإسلامي | C89: محاضرات في الاقتصاد الإسلامي | F89: النظام المصرفي الإسلامي الرسوم المصرفية، الحساب الجاري، الحساب الاستثماري | H89: صوتي | I89: 2024-01-12 | J89: فتح في تليجرام
A90: 89 | B90: الاقتصاد الإسلامي | C90: محاضرات في الاقتصاد الإسلامي | F90: حساب الأرباح في الحسابات الاستثمارية في المصارف الإسلامية | H90: صوتي | I90: 2024-01-26 | J90: فتح في تليجرام
A91: 90 | B91: الاقتصاد الإسلامي | C91: محاضرات في الاقتصاد الإسلامي | F91: (الأسواق المالية - أدوات الاستثمار-أنواع الاسهم واحكامها - المصارف الإسلامية بين الواقع والمأمول - مخاطر الاستثمار وطرق التحوط منها) | H91: صوتي | I91: 2024-01-26 | J91: فتح في تليجرام
A92: 91 | B92: الاقتصاد الإسلامي | C92: محاضرات في الاقتصاد الإسلامي | F92: صيغ التمويل الإسلامي | G92: (المرابحة المصرفية - السلم - الاستصناع) | H92: صوتي | I92: 2024-01-26 | J92: فتح في تليجرام
A93: 92 | B93: الاقتصاد الإسلامي | C93: محاضرات في الاقتصاد الإسلامي | F93: صيغ التمويل الإسلامي | G93: (التمويل بالإجارة-الإجارة المنتهية بالتمليك) • صيغ الاستثمار • (أنواع الاستثمار - أنواع الشركات - المضاربة - المزارعة والمساقاة-المشاركة المتناقصة - الشركات الحديثة) | H93: فيديو | I93: 2024-02-02 | J93: فتح في تليجرام
A94: 93 | B94: الاقتصاد الإسلامي | C94: محاضرات في الاقتصاد الإسلامي | F94: صيغ التمويل الإسلامي | G94: (التمويل بالإجارة-الإجارة المنتهية بالتمليك) | H94: صوتي | I94: 2024-02-02 | J94: فتح في تليجرام
A95: 94 | B95: الاقتصاد الإسلامي | C95: محاضرات في الاقتصاد الإسلامي | F95: صيغ الاستثمار | G95: (أنواع الاستثمار - أنواع الشركات - المضاربة - المزارعة والمساقاة-المشاركة المتناقصة - الشركات الحديثة) | H95: صوتي | I95: 2024-02-02 | J95: فتح في تليجرام
A96: 95 | B96: الاقتصاد الإسلامي | C96: محاضرات في الاقتصاد الإسلامي | F96: الفرق بين بيع العربون الشرعي، هامش الجدية، بيع العربون الشائع | H96: صوتي | I96: 2024-05-17 | J96: فتح في تليجرام
A97: 96 | B97: الاقتصاد الإسلامي | C97: محاضرات في الاقتصاد الإسلامي | F97: التورق المصرفي في المصارف الإسلامية وحكمه الشرعي | H97: صوتي | I97: 2024-05-17 | J97: فتح في تليجرام
A98: 97 | B98: الاقتصاد الإسلامي | C98: محاضرات في الاقتصاد الإسلامي | F98: حساب الأرباح في الحسابات الاستثمارية | H98: فيديو | I98: 2024-08-29 | J98: فتح في تليجرام
A99: 98 | B99: الاقتصاد الإسلامي | C99: محاضرات في الاقتصاد الإسلامي | F99: الحسابات الجارية والاستثمارية | H99: فيديو | I99: 2024-08-29 | J99: فتح في تليجرام
A100: 99 | B100: الاقتصاد الإسلامي | C100: محاضرات في الاقتصاد الإسلامي | F100: النظام المصرفي الإسلامي | H100: فيديو | I100: 2024-08-29 | J100: فتح في تليجرام
...

Sheet دورة ما لا يسع المسلمة جهله
A1: م | B1: التصنيف | C1: السلسلة | D1: الكتاب / الباب | E1: رقم الدرس | F1: عنوان الدرس | G1: الموضوعات | H1: النوع | I1: التاريخ | J1: الرابط
A2: 1 | B2: دورة ما لا يسع المسلمة جهله | C2: دورة ما لا يسع المسلمة جهله | E2: 1 | F2: الدورة العلمية الصيفية "ما لا يسع المسلمة جهله" | G2: درس 1 عقيدة شرح أصول الإيمان. | H2: صوتي | I2: 2022-06-22 | J2: فتح في تليجرام
A3: 2 | B3: دورة ما لا يسع المسلمة جهله | C3: دورة ما لا يسع المسلمة جهله | E3: 1 | F3: الدورة العلمية الصيفية "ما لا يسع المسلمة جهله" | G3: درس 1 فقه شرح فقه الطهارة - 1 أ | H3: صوتي | I3: 2022-06-22 | J3: فتح في تليجرام
A4: 3 | B4: دورة ما لا يسع المسلمة جهله | C4: دورة ما لا يسع المسلمة جهله | E4: 1 | F4: الدورة العلمية الصيفية "ما لا يسع المسلمة جهله" | G4: درس 1 فقه شرح فقه الطهارة - 1 ب | H4: صوتي | I4: 2022-06-22 | J4: فتح في تليجرام
A5: 4 | B5: دورة ما لا يسع المسلمة جهله | C5: دورة ما لا يسع المسلمة جهله | E5: 2 | F5: الدورة العلمية الصيفية "ما لا يسع المسلمة جهله" | G5: درس 2 عقيدة شرح أصول الإيمان. | H5: صوتي | I5: 2022-06-28 | J5: فتح في تليجرام
A6: 5 | B6: دورة ما لا يسع المسلمة جهله | C6: دورة ما لا يسع المسلمة جهله | E6: 2 | F6: الدورة العلمية الصيفية "ما لا يسع المسلمة جهله" | G6: درس 2 فقه شرح فقه الطهارة | H6: صوتي | I6: 2022-06-28 | J6: فتح في تليجرام
A7: 6 | B7: دورة ما لا يسع المسلمة جهله | C7: دورة ما لا يسع المسلمة جهله | E7: 3 | F7: الدورة العلمية الصيفية "ما لا يسع المسلمة جهله" | G7: درس 3 مراجعة فقه الطهارة وحل الأسئلة. | H7: صوتي | I7: 2022-07-01 | J7: فتح في تليجرام
A8: 7 | B8: دورة ما لا يسع المسلمة جهله | C8: دورة ما لا يسع المسلمة جهله | E8: 3 | F8: الدورة العلمية الصيفية "ما لا يسع المسلمة جهله" | G8: درس 3 شرح اصول الإيمان (توحيد الأسماء والصفات). | H8: صوتي | I8: 2022-07-01 | J8: فتح في تليجرام
A9: 8 | B9: دورة ما لا يسع المسلمة جهله | C9: دورة ما لا يسع المسلمة جهله | E9: 4 | F9: الدورة العلمية الصيفية "ما لا يسع المسلمة جهله" | G9: شرح أصول الإيمان - 4 (الولاء والبراء) | H9: صوتي | I9: 2022-07-01 | J9: فتح في تليجرام
A10: 9 | B10: دورة ما لا يسع المسلمة جهله | C10: دورة ما لا يسع المسلمة جهله | F10: مراجعة أصول الإيمان المستوى الأول-ما لا يسع المسلمة جهله | H10: صوتي | I10: 2022-07-22 | J10: فتح في تليجرام
A11: 10 | B11: دورة ما لا يسع المسلمة جهله | C11: دورة ما لا يسع المسلمة جهله | E11: 5 | F11: المستوى الثاني - شرح أصول الإيمان - 5 (الحكم بما انزل الله) | H11: صوتي | I11: 2022-07-29 | J11: فتح في تليجرام
A12: 11 | B12: دورة ما لا يسع المسلمة جهله | C12: دورة ما لا يسع المسلمة جهله | E12: 1 | F12: المستوى الثاني - شرح مختصر فقه الصلاة - 1 | H12: صوتي | I12: 2022-07-30 | J12: فتح في تليجرام
A13: 12 | B13: دورة ما لا يسع المسلمة جهله | C13: دورة ما لا يسع المسلمة جهله | E13: 6 | F13: المستوى الثاني - شرح أصول الإيمان - 6 (الايمان بالملائكة-الايمان بالكتب) | H13: صوتي | I13: 2022-07-30 | J13: فتح في تليجرام
A14: 13 | B14: دورة ما لا يسع المسلمة جهله | C14: دورة ما لا يسع المسلمة جهله | E14: 2 | F14: المستوى الثاني - شرح مختصر فقه الصلاة - 2 | H14: صوتي | I14: 2022-08-02 | J14: فتح في تليجرام
A15: 14 | B15: دورة ما لا يسع المسلمة جهله | C15: دورة ما لا يسع المسلمة جهله | E15: 7 | F15: المستوى الثاني - شرح أصول الإيمان - 7 (الايمان بالرسل-الايمان باليوم الآخر ) | H15: صوتي | I15: 2022-08-02 | J15: فتح في تليجرام
A16: 15 | B16: دورة ما لا يسع المسلمة جهله | C16: دورة ما لا يسع المسلمة جهله | E16: 3 | F16: المستوى الثاني - شرح مختصر فقه الصلاة - 3 | H16: صوتي | I16: 2022-08-05 | J16: فتح في تليجرام
A17: 16 | B17: دورة ما لا يسع المسلمة جهله | C17: دورة ما لا يسع المسلمة جهله | E17: 8 | F17: المستوى الثاني - شرح أصول الإيمان - 8 (القضاء والقدر مسائل الايمان والكفر - العقيدة في الصحابة) | H17: صوتي | I17: 2022-08-05 | J17: فتح في تليجرام
A18: 17 | B18: دورة ما لا يسع المسلمة جهله | C18: دورة ما لا يسع المسلمة جهله | F18: مراجعة أصول الإيمان المستوى الثاني كاملا | H18: صوتي | I18: 2022-08-16 | J18: فتح في تليجرام
A19: 18 | B19: دورة ما لا يسع المسلمة جهله | C19: دورة ما لا يسع المسلمة جهله | F19: حل اختبار العقيدة المستوى الثاني - ما لا يسع المسلمة جهله | H19: صوتي | I19: 2022-08-22 | J19: فتح في تليجرام
A20: 19 | B20: دورة ما لا يسع المسلمة جهله | C20: دورة ما لا يسع المسلمة جهله | F20: مراجعة فقه الصلاة والطهارة المستوى الثاني - ما لا يسع المسلمة جهله | H20: صوتي | I20: 2022-08-22 | J20: فتح في تليجرام
A21: 20 | B21: دورة ما لا يسع المسلمة جهله | C21: دورة ما لا يسع المسلمة جهله | F21: مذاكرة ما لا يسع المسلمة جهله pdf | H21: PDF | I21: 2024-10-15 | J21: فتح في تليجرام
A22: 21 | B22: دورة ما لا يسع المسلمة جهله | C22: دورة ما لا يسع المسلمة جهله | F22: الافتتاحي | G22: مقدمة في طلب العلم الواجب | H22: صوتي | I22: 2026-04-07 | J22: فتح في تليجرام
A23: 22 | B23: دورة ما لا يسع المسلمة جهله | C23: دورة ما لا يسع المسلمة جهله | F23: أسئلة اللقاء الافتتاحي | H23: صوتي | I23: 2026-04-07 | J23: فتح في تليجرام
A24: 23 | B24: دورة ما لا يسع المسلمة جهله | C24: دورة ما لا يسع المسلمة جهله | F24: أجوبة أسئلة المستوى الأول | H24: صوتي | I24: 2026-06-16 | J24: فتح في تليجرام
A25: 24 | B25: دورة ما لا يسع المسلمة جهله | C25: دورة ما لا يسع المسلمة جهله | F25: لقاء المحرم... أجوبة الأسئلة للمستوى الاول | H25: صوتي | I25: 2026-07-05 | J25: فتح في تليجرام
A26: 25 | B26: دورة ما لا يسع المسلمة جهله | C26: دورة ما لا يسع المسلمة جهله | F26: استشارات النساء | G26: (ما لا يسع المسلمة جهله) | H26: صوتي | I26: 2026-07-06 | J26: فتح في تليجرام

Sheet التزكية
A1: م | B1: التصنيف | C1: السلسلة | D1: الكتاب / الباب | E1: رقم الدرس | F1: عنوان الدرس | G1: الموضوعات | H1: النوع | I1: التاريخ | J1: الرابط
A2: 1 | B2: التزكية | C2: سلسلة الطريق إلى البيت العتيق | D2: شرح حديث جابر في صفة حجة النبي ﷺ | E2: 1 | F2: رضي الله عنه في صفة حجة النبي صلى الله عليه وسلم - 1 | H2: صوتي | I2: 2022-07-08 | J2: فتح في تليجرام
A3: 2 | B3: التزكية | C3: سلسلة الطريق إلى البيت العتيق | D3: شرح حديث جابر في صفة حجة النبي ﷺ | E3: 2 | F3: رضي الله عنه في صفة حجة النبي صلى الله عليه وسلم - 2 | G3: أعمال يوم النحر (العيد) | H3: صوتي | I3: 2022-07-09 | J3: فتح في تليجرام
A4: 3 | B4: التزكية | C4: سلسلة الطريق إلى البيت العتيق | D4: شرح حديث جابر في صفة حجة النبي ﷺ | E4: 3 | F4: رضي الله عنه في صفة حجة النبي صلى الله عليه وسلم - 3 | G4: تتمة أعمال الحج في أيام التشريق | H4: صوتي | I4: 2022-07-11 | J4: فتح في تليجرام
A5: 4 | B5: التزكية | C5: سلسلة الطريق إلى البيت العتيق | D5: شرح حديث جابر في صفة حجة النبي ﷺ | E5: 4 | F5: رضي الله عنه في صفة حجة النبي صلى الله عليه وسلم - 4 | G5: تتمة أعمال الحج طواف الوداع والزيارة | H5: صوتي | I5: 2022-07-12 | J5: فتح في تليجرام
A6: 5 | B6: التزكية | C6: سلسلة الطريق إلى البيت العتيق | D6: شرح حديث جابر في صفة حجة النبي ﷺ | E6: 4 | F6: (حديث جابر-بداية رحلة الحج) | H6: صوتي | I6: 2024-04-28 | J6: فتح في تليجرام
A7: 6 | B7: التزكية | C7: سلسلة الطريق إلى البيت العتيق | D7: شرح حديث جابر في صفة حجة النبي ﷺ | E7: 5 | F7: (حديث جابر-2 ذو الحليفة الوادي المبارك) | H7: صوتي | I7: 2024-04-29 | J7: فتح في تليجرام
A8: 7 | B8: التزكية | C8: سلسلة الطريق إلى البيت العتيق | D8: شرح حديث جابر في صفة حجة النبي ﷺ | E8: 6 | F8: (حديث جابر-3 احرام النفساء والحائض- تأملات إيمانية في التلبية-1) | H8: صوتي | I8: 2024-04-30 | J8: فتح في تليجرام
A9: 8 | B9: التزكية | C9: سلسلة الطريق إلى البيت العتيق | D9: شرح حديث جابر في صفة حجة النبي ﷺ | E9: 7 | F9: (حديث جابر-4 - تأملات إيمانية في التلبية-2) | H9: صوتي | I9: 2024-05-01 | J9: فتح في تليجرام
A10: 9 | B10: التزكية | C10: سلسلة الطريق إلى البيت العتيق | D10: شرح حديث جابر في صفة حجة النبي ﷺ | E10: 8 | F10: (حديث جابر-5 - الطريق إلى البيت ووصول البيت الحرام) | H10: صوتي | I10: 2024-05-02 | J10: فتح في تليجرام
A11: 10 | B11: التزكية | C11: سلسلة الطريق إلى البيت العتيق | D11: شرح حديث جابر في صفة حجة النبي ﷺ | E11: 9 | F11: (حديث جابر-6- الطواف- تأملات إيمانية في دعاء الطواف) | H11: صوتي | I11: 2024-05-03 | J11: فتح في تليجرام
A12: 11 | B12: التزكية | C12: سلسلة الطريق إلى البيت العتيق | D12: شرح حديث جابر في صفة حجة النبي ﷺ | E12: 10 | F12: (حديث جابر-7- الطواف- تأملات إيمانية في ركعتي الطواف- سورة الكافرون ) | H12: صوتي | I12: 2024-05-04 | J12: فتح في تليجرام
A13: 12 | B13: التزكية | C13: سلسلة الطريق إلى البيت العتيق | D13: شرح حديث جابر في صفة حجة النبي ﷺ | E13: 11 | F13: (حديث جابر-8- الطواف- تأملات إيمانية في ركعتي الطواف- سورة الإخلاص ) | H13: صوتي | I13: 2024-05-07 | J13: فتح في تليجرام
A14: 13 | B14: التزكية | C14: سلسلة الطريق إلى البيت العتيق | D14: شرح حديث جابر في صفة حجة النبي ﷺ | E14: 12 | F14: (حديث جابر-9- تأملات إيمانية في الدعاء علي الصفا) | H14: صوتي | I14: 2024-05-07 | J14: فتح في تليجرام
A15: 14 | B15: التزكية | C15: سلسلة الطريق إلى البيت العتيق | D15: شرح حديث جابر في صفة حجة النبي ﷺ | E15: 13 | F15: (حديث جابر-10- تأملات إيمانية في السعي وقصة بناء البيت-1) | H15: صوتي | I15: 2024-05-07 | J15: فتح في تليجرام
A16: 15 | B16: التزكية | C16: سلسلة الطريق إلى البيت العتيق | D16: شرح حديث جابر في صفة حجة النبي ﷺ | E16: 14 | F16: (حديث جابر-11- تأملات إيمانية في السعي وقصة بناء البيت-2) | H16: صوتي | I16: 2024-05-08 | J16: فتح في تليجرام
A17: 16 | B17: التزكية | C17: سلسلة الطريق إلى البيت العتيق | D17: شرح حديث جابر في صفة حجة النبي ﷺ | E17: 15 | F17: (حديث جابر-12- التحلل من العمرة المتمتع-الإحرام بالحج يوم التروية) | H17: صوتي | I17: 2024-05-09 | J17: فتح في تليجرام
... A27: 26 | B27: التزكية | C27: سلسلة الطريق إلى البيت العتيق | D27: شرح حديث جابر في صفة حجة النبي ﷺ | E27: 1 | F27: حديث جابر في الحج-1 | H27: صوتي | I27: 2026-05-25 | J27: فتح في تليجرام
A28: 27 | B28: التزكية | C28: سلسلة الطريق إلى البيت العتيق | D28: شرح حديث جابر في صفة حجة النبي ﷺ | E28: 2 | F28: حديث جابر في الحج-2 | G28: يوم التروية | H28: صوتي | I28: 2026-05-26 | J28: فتح في تليجرام
A29: 28 | B29: التزكية | C29: سلسلة الطريق إلى البيت العتيق | D29: شرح حديث جابر في صفة حجة النبي ﷺ | E29: 3 | F29: حديث جابر في الحج-3 | G29: أعمال يوم عرفة.. وفضائله | H29: صوتي | I29: 2026-05-26 | J29: فتح في تليجرام
A30: 29 | B30: التزكية | C30: سلسلة الطريق إلى البيت العتيق | D30: شرح حديث جابر في صفة حجة النبي ﷺ | E30: 4 | F30: حديث جابر في الحج-4 | G30: أعمال يوم النحر.. وتتمة أعمال الحج | H30: صوتي | I30: 2026-05-30 | J30: فتح في تليجرام
A31: 30 | B31: التزكية | C31: سلسلة الطريق إلى البيت العتيق | E31: 1 | F31: سلسلة الطريق إلى البيت العتيق - الدرس 1 | H31: صوتي | I31: 2024-04-15 | J31: فتح في تليجرام
A32: 31 | B32: التزكية | C32: سلسلة الطريق إلى البيت العتيق | E32: 2 | F32: (تأملات إيمانية في دعاء السفر) | H32: صوتي | I32: 2024-04-16 | J32: فتح في تليجرام
A33: 32 | B33: التزكية | C33: سلسلة الطريق إلى البيت العتيق | E33: 3 | F33: (تأملات إيمانية في دعاء السفر-2) | H33: صوتي | I33: 2024-04-17 | J33: فتح في تليجرام
A34: 33 | B34: التزكية | C34: سلسلة الطريق إلى البيت العتيق | E34: 25 | F34: (رمي الجمار والمبيت بمنى) | H34: صوتي | I34: 2024-05-29 | J34: فتح في تليجرام
A35: 34 | B35: التزكية | C35: سلسلة الطريق إلى البيت العتيق | E35: 26 | F35: (رمي الجمار والمبيت بمنى - سنة التحصيب) | H35: صوتي | I35: 2024-06-04 | J35: فتح في تليجرام
A36: 35 | B36: التزكية | C36: سلسلة الطريق إلى البيت العتيق | E36: 27 | F36: (طواف الوداع - دعاء العودة من الحج-ولكن يناله التقوى منكم) | H36: صوتي | I36: 2024-06-04 | J36: فتح في تليجرام
A37: 36 | B37: التزكية | C37: سلسلة الطريق إلى البيت العتيق | E37: 1 | F37: جديد في رحاب البيت العتيق 1 | H37: صوتي | I37: 2025-09-04 | J37: فتح في تليجرام
A38: 37 | B38: التزكية | C38: سلسلة الطريق إلى البيت العتيق | E38: 2 | F38: جديد في رحاب البيت العتيق 2 | H38: صوتي | I38: 2025-09-04 | J38: فتح في تليجرام
A39: 38 | B39: التزكية | C39: سلسلة شرح الأسماء الحسنى | E39: 1 | F39: من كتابي (شرح ابن القيم)، شرح المعارج -1 | G39: (اسم الإله) | H39: صوتي | I39: 2022-04-12 | J39: فتح في تليجرام
A40: 39 | B40: التزكية | C40: سلسلة شرح الأسماء الحسنى | E40: 2 | F40: من كتابي (شرح ابن القيم)، شرح المعارج.2 | H40: صوتي | I40: 2022-04-12 | J40: فتح في تليجرام
A41: 40 | B41: التزكية | C41: سلسلة شرح الأسماء الحسنى | F41: شرح الأسماء الحسنى من معارج القبول | H41: PDF | I41: 2022-04-24 | J41: فتح في تليجرام
A42: 41 | B42: التزكية | C42: سلسلة شرح الأسماء الحسنى | D42: عالم الغيب والشهادة | E42: 3 | F42: من كتابي (شرح ابن القيم)، شرح ش المعارج لحافظ حكمي. -3 | G42: اسم الله "عالم الغيب والشهادة"-الخبير. | H42: صوتي | I42: 2022-04-13 | J42: فتح في تليجرام
A43: 42 | B43: التزكية | C43: سلسلة شرح الأسماء الحسنى | D43: رحمن الدنيا والآخرة ورحيمهما | E43: 4 | F43: من كتابي (شرح ابن القيم)، شرح المعارج لحافظ حكمي. -4 | G43: اسم الله "رحمن الدنيا والآخرة ورحيمهما" . | H43: صوتي | I43: 2022-04-14 | J43: فتح في تليجرام
A44: 43 | B44: التزكية | C44: سلسلة شرح الأسماء الحسنى | D44: رحمن الدنيا والآخرة ورحيمهما | E44: 5 | F44: من كتابي (شرح ابن القيم)، شرح المعارج لحافظ حكمي. -5 | G44: تابع اسم الله "رحمن الدنيا والآخرة ورحيمهما" . | H44: صوتي | I44: 2022-04-15 | J44: فتح في تليجرام
A45: 44 | B45: التزكية | C45: سلسلة شرح الأسماء الحسنى | D45: المَلِك، المَالِك | E45: 6 | F45: من كتابي (شرح ابن القيم)، شرح المعارج لحافظ حكمي. -6 | G45: اسم الله "المَلِك، المَالِك" . | H45: صوتي | I45: 2022-04-16 | J45: فتح في تليجرام
A46: 45 | B46: التزكية | C46: سلسلة شرح الأسماء الحسنى | D46: المَلِك، المَالِك | E46: 7 | F46: من كتابي (شرح ابن القيم)، شرح المعارج لحافظ حكمي. -7 | G46: اسم الله "المَلِك، المَالِك" . | H46: صوتي | I46: 2022-04-17 | J46: فتح في تليجرام
A47: 46 | B47: التزكية | C47: سلسلة شرح الأسماء الحسنى | D47: السلام، القدوس | E47: 78 | F47: من كتابي (شرح ابن القيم)، شرح المعارج لحافظ حكمي. -78 | G47: اسم الله "السلام، القدوس " . | H47: صوتي | I47: 2022-04-19 | J47: فتح في تليجرام
A48: 47 | B48: التزكية | C48: سلسلة شرح الأسماء الحسنى | D48: القدوس | E48: 10 | F48: من كتابي (شرح ابن القيم)، شرح المعارج لحافظ حكمي. -10 | G48: تابع اسم الله القدوس " . | H48: صوتي | I48: 2022-04-21 | J48: فتح في تليجرام
A49: 48 | B49: التزكية | C49: سلسلة شرح الأسماء الحسنى | D49: المؤمن | E49: 11 | F49: من كتابي (شرح ابن القيم)، شرح المعارج لحافظ حكمي. -11 | G49: اسم الله المؤمن . | H49: صوتي | I49: 2022-04-22 | J49: فتح في تليجرام
A50: 49 | B50: التزكية | C50: سلسلة شرح الأسماء الحسنى | D50: المهيمن | E50: 12 | F50: من كتابي (شرح ابن القيم)، شرح المعارج لحافظ حكمي. -12 | G50: اسم الله المهيمن . | H50: صوتي | I50: 2022-04-23 | J50: فتح في تليجرام
A51: 50 | B51: التزكية | C51: سلسلة شرح الأسماء الحسنى | D51: العزيز | E51: 13 | F51: من كتابي (شرح ابن القيم)، شرح المعارج لحافظ حكمي. -13 | G51: اسم الله العزيز . | H51: صوتي | I51: 2022-04-24 | J51: فتح في تليجرام
A52: 51 | B52: التزكية | C52: سلسلة شرح الأسماء الحسنى | D52: العزيز | E52: 14 | F52: من كتابي (شرح ابن القيم)، شرح المعارج لحافظ حكمي. -14 | G52: تابع اسم الله العزيز. | H52: صوتي | I52: 2022-04-25 | J52: فتح في تليجرام
A53: 52 | B53: التزكية | C53: سلسلة شرح الأسماء الحسنى | D53: الجبار | E53: 15 | F53: شرح الأسماء الحسنى من كتابي (شرح ابن القيم)، شرح المعارج لحافظ حكمي. -15 | G53: اسم الله الجبار. | H53: صوتي | I53: 2022-04-26 | J53: فتح في تليجرام
... A57: 56 | B57: التزكية | C57: سلسلة شرح الأسماء الحسنى | D57: الودود | E57: 19 | F57: من كتابي (شرح ابن القيم)، شرح المعارج لحافظ حكمي. -19 | G57: اسم الله الودود. | H57: صوتي | I57: 2022-04-30 | J57: فتح في تليجرام
A58: 57 | B58: التزكية | C58: سلسلة شرح الأسماء الحسنى | D58: الغفور | F58: اسم الله "الغفور" | H58: صوتي | I58: 2023-03-22 | J58: فتح في تليجرام
A59: 58 | B59: التزكية | C59: سلسلة شرح الأسماء الحسنى | D59: الغفور | E59: 2 | F59: اسم الله "الغفور" - 2 | H59: صوتي | I59: 2023-03-24 | J59: فتح في تليجرام
A60: 59 | B60: التزكية | C60: سلسلة شرح الأسماء الحسنى | D60: المتكبر | F60: اسم الله "المتكبر" | H60: صوتي | I60: 2023-03-25 | J60: فتح في تليجرام
A61: 60 | B61: التزكية | C61: سلسلة شرح الأسماء الحسنى | D61: القهار | E61: 1 | F61: اسم الله "القهار " - 1 | H61: صوتي | I61: 2023-03-26 | J61: فتح في تليجرام
A62: 61 | B62: التزكية | C62: سلسلة شرح الأسماء الحسنى | D62: القهار | E62: 2 | F62: اسم الله "القهار " - 2 | H62: صوتي | I62: 2023-03-26 | J62: فتح في تليجرام
A63: 62 | B63: التزكية | C63: سلسلة شرح الأسماء الحسنى | D63: القهار | E63: 2 | F63: اسم الله "القهار " - 2 | H63: صوتي | I63: 2023-03-28 | J63: فتح في تليجرام
A64: 63 | B64: التزكية | C64: سلسلة شرح الأسماء الحسنى | D64: الوهاب | E64: 1 | F64: اسم الله "الوهاب" - 1 | H64: صوتي | I64: 2023-03-28 | J64: فتح في تليجرام
A65: 64 | B65: التزكية | C65: سلسلة شرح الأسماء الحسنى | D65: الوهاب | E65: 2 | F65: اسم الله "الوهاب" - 2 | H65: صوتي | I65: 2023-03-28 | J65: فتح في تليجرام
A66: 65 | B66: التزكية | C66: سلسلة شرح الأسماء الحسنى | D66: القريب | F66: اسم الله "القريب" | H66: صوتي | I66: 2023-03-29 | J66: فتح في تليجرام
A67: 66 | B67: التزكية | C67: سلسلة شرح الأسماء الحسنى | D67: الفتاح | F67: اسم الله "الفتاح" | H67: صوتي | I67: 2023-03-30 | J67: فتح في تليجرام
A68: 67 | B68: التزكية | C68: سلسلة شرح الأسماء الحسنى | D68: اللطيف | E68: 1 | F68: اسم الله "اللطيف- 1" | H68: صوتي | I68: 2023-04-01 | J68: فتح في تليجرام
A69: 68 | B69: التزكية | C69: سلسلة شرح الأسماء الحسنى | D69: المغيث | F69: اسم الله "المغيث" | H69: صوتي | I69: 2023-04-02 | J69: فتح في تليجرام
A70: 69 | B70: التزكية | C70: سلسلة شرح الأسماء الحسنى | D70: الخالق الباريء المصور | E70: 1 | F70: اسم الله "الخالق الباريء المصور"-1 | H70: صوتي | I70: 2023-04-03 | J70: فتح في تليجرام
A71: 70 | B71: التزكية | C71: سلسلة شرح الأسماء الحسنى | D71: الخالق الباريء المصور | E71: 2 | F71: اسم الله "الخالق الباريء المصور"-2 | H71: صوتي | I71: 2023-04-05 | J71: فتح في تليجرام
A72: 71 | B72: التزكية | C72: سلسلة شرح الأسماء الحسنى | D72: الخالق الباريء المصور | E72: 3 | F72: اسم الله "الخالق الباريء المصور"-3 | H72: صوتي | I72: 2023-04-05 | J72: فتح في تليجرام
A73: 72 | B73: التزكية | C73: سلسلة شرح الأسماء الحسنى | D73: الخالق الباريء المصور | E73: 4 | F73: اسم الله "الخالق الباريء المصور"-4 | H73: صوتي | I73: 2023-04-07 | J73: فتح في تليجرام
A74: 73 | B74: التزكية | C74: سلسلة شرح الأسماء الحسنى | D74: الرزاق | E74: 1 | F74: اسم الله "الرزاق" - 1 | H74: صوتي | I74: 2023-04-07 | J74: فتح في تليجرام
A75: 74 | B75: التزكية | C75: سلسلة شرح الأسماء الحسنى | D75: الرزاق | E75: 2 | F75: اسم الله "الرزاق" - 2 | H75: صوتي | I75: 2023-04-09 | J75: فتح في تليجرام
A76: 75 | B76: التزكية | C76: سلسلة شرح الأسماء الحسنى | D76: الرزاق | E76: 3 | F76: اسم الله "الرزاق" - 3 | H76: صوتي | I76: 2023-04-10 | J76: فتح في تليجرام
A77: 76 | B77: التزكية | C77: سلسلة شرح الأسماء الحسنى | D77: القابض الباسط | F77: اسم الله "القابض الباسط" | H77: صوتي | I77: 2024-03-19 | J77: فتح في تليجرام
A78: 77 | B78: التزكية | C78: سلسلة شرح الأسماء الحسنى | D78: الحفيظ والحافظ | F78: اسم الله "الحفيظ والحافظ" | H78: صوتي | I78: 2024-03-21 | J78: فتح في تليجرام
A79: 78 | B79: التزكية | C79: سلسلة شرح الأسماء الحسنى | F79: اسم الله "الصمد | H79: صوتي | I79: 2024-03-22 | J79: فتح في تليجرام
A80: 79 | B80: التزكية | C80: سلسلة شرح الأسماء الحسنى | F80: اسم الله "الحليم | H80: صوتي | I80: 2024-03-24 | J80: فتح في تليجرام
A81: 80 | B81: التزكية | C81: سلسلة شرح الأسماء الحسنى | E81: 1 | F81: اسم الله "الشاكر، الشكور-1 | H81: صوتي | I81: 2024-03-25 | J81: فتح في تليجرام
A82: 81 | B82: التزكية | C82: سلسلة شرح الأسماء الحسنى | E82: 2 | F82: اسم الله "الشاكر، الشكور-2 | H82: صوتي | I82: 2024-03-25 | J82: فتح في تليجرام
A83: 82 | B83: التزكية | C83: سلسلة شرح الأسماء الحسنى | D83: الخبير | F83: اسم الله "الخبير" | H83: صوتي | I83: 2024-03-23 | J83: فتح في تليجرام
A84: 83 | B84: التزكية | C84: سلسلة شرح الأسماء الحسنى | D84: البَرّ | F84: اسم الله "البَرّ" | H84: صوتي | I84: 2024-03-27 | J84: فتح في تليجرام
A85: 84 | B85: التزكية | C85: سلسلة شرح الأسماء الحسنى | D85: الحميد | E85: 1 | F85: اسم الله "الحميد - 1" | H85: صوتي | I85: 2024-03-27 | J85: فتح في تليجرام
A86: 85 | B86: التزكية | C86: سلسلة شرح الأسماء الحسنى | D86: الحميد | E86: 2 | F86: اسم الله "الحميد - 2" | H86: صوتي | I86: 2024-03-28 | J86: فتح في تليجرام
A87: 86 | B87: التزكية | C87: سلسلة شرح الأسماء الحسنى | D87: المحيي المميت | E87: 1 | F87: اسم الله "المحيي المميت - 1" | H87: صوتي | I87: 2025-03-07 | J87: فتح في تليجرام
A88: 87 | B88: التزكية | C88: سلسلة شرح الأسماء الحسنى | D88: المحيي المميت | E88: 2 | F88: اسم الله "المحيي المميت" - 2 | H88: صوتي | I88: 2025-03-07 | J88: فتح في تليجرام
A89: 88 | B89: التزكية | C89: سلسلة شرح الأسماء الحسنى | D89: المحيي المميت | E89: 3 | F89: اسم الله "المحيي المميت" - 3 | H89: صوتي | I89: 2025-03-08 | J89: فتح في تليجرام
A90: 89 | B90: التزكية | C90: سلسلة شرح الأسماء الحسنى | D90: المحيي المميت | E90: 4 | F90: اسم الله "المحيي المميت" - 4 | H90: صوتي | I90: 2025-03-10 | J90: فتح في تليجرام
A91: 90 | B91: التزكية | C91: سلسلة شرح الأسماء الحسنى | D91: الكريم، الأكرم | E91: 1 | F91: اسم الله "الكريم، الأكرم" - 1 | H91: صوتي | I91: 2025-03-11 | J91: فتح في تليجرام
A92: 91 | B92: التزكية | C92: سلسلة شرح الأسماء الحسنى | D92: الكريم، الأكرم | E92: 2 | F92: اسم الله "الكريم، الأكرم" - 2 | H92: صوتي | I92: 2025-03-12 | J92: فتح في تليجرام
A93: 92 | B93: التزكية | C93: سلسلة شرح الأسماء الحسنى | D93: العظيم | F93: اسم الله "العظيم" | H93: صوتي | I93: 2025-03-15 | J93: فتح في تليجرام
A94: 93 | B94: التزكية | C94: سلسلة شرح الأسماء الحسنى | D94: الحسيب، الكافي | E94: 1 | F94: اسم الله "الحسيب، الكافي" - 1 | H94: صوتي | I94: 2025-03-15 | J94: فتح في تليجرام
A95: 94 | B95: التزكية | C95: سلسلة شرح الأسماء الحسنى | D95: الحسيب، الكافي | E95: 2 | F95: اسم الله "الحسيب، الكافي" - 2 | H95: صوتي | I95: 2025-03-17 | J95: فتح في تليجرام
A96: 95 | B96: التزكية | C96: سلسلة شرح الأسماء الحسنى | D96: الحسيب، الكافي | E96: 3 | F96: اسم الله "الحسيب، الكافي" - 3 | H96: صوتي | I96: 2025-03-17 | J96: فتح في تليجرام
A97: 96 | B97: التزكية | C97: سلسلة شرح الأسماء الحسنى | D97: الوكيل | E97: 1 | F97: اسم الله "الوكيل" - 1 | H97: صوتي | I97: 2025-03-18 | J97: فتح في تليجرام
A98: 97 | B98: التزكية | C98: سلسلة شرح الأسماء الحسنى | D98: الوكيل | E98: 2 | F98: اسم الله "الوكيل" - 2 | H98: صوتي | I98: 2025-03-20 | J98: فتح في تليجرام
A99: 98 | B99: التزكية | C99: سلسلة شرح الأسماء الحسنى | D99: المقدم المؤخر | F99: اسم الله المقدم المؤخر | H99: صوتي | I99: 2026-02-22 | J99: فتح في تليجرام
A100: 99 | B100: التزكية | C100: سلسلة شرح الأسماء الحسنى | D100: الصبور | F100: اسم الله الصبور | H100: صوتي | I100: 2026-02-23 | J100: فتح في تليجرام
A101: 100 | B101: التزكية | C101: سلسلة شرح الأسماء الحسنى | D101: الرفيق | F101: اسم الله الرفيق | H101: صوتي | I101: 2026-02-24 | J101: فتح في تليجرام
A102: 101 | B102: التزكية | C102: سلسلة شرح الأسماء الحسنى | D102: الرفيق | F102: الرفيق (تابع) | H102: فيديو | I102: 2026-02-24 | J102: فتح في تليجرام
A103: 102 | B103: التزكية | C103: سلسلة شرح الأسماء الحسنى | D103: الستير | F103: اسم الله الستير | H103: صوتي | I103: 2026-02-26 | J103: فتح في تليجرام
A104: 103 | B104: التزكية | C104: سلسلة شرح الأسماء الحسنى | D104: المنان | F104: اسم الله المنان | H104: صوتي | I104: 2026-02-27 | J104: فتح في تليجرام
A105: 104 | B105: التزكية | C105: سلسلة شرح الأسماء الحسنى | D105: الطيب | F105: اسم الله الطيب | H105: صوتي | I105: 2026-02-28 | J105: فتح في تليجرام
A106: 105 | B106: التزكية | C106: سلسلة شرح الأسماء الحسنى | D106: الحيي | F106: اسم الله الحيي | H106: صوتي | I106: 2026-03-01 | J106: فتح في تليجرام
A107: 106 | B107: التزكية | C107: سلسلة شرح الأسماء الحسنى | D107: الديان | F107: اسم الله الديان | H107: صوتي | I107: 2026-03-03 | J107: فتح في تليجرام
A108: 107 | B108: التزكية | C108: سلسلة شرح الأسماء الحسنى | D108: الخافض الرافع | F108: اسم الله الخافض الرافع | H108: صوتي | I108: 2026-03-03 | J108: فتح في تليجرام
A109: 108 | B109: التزكية | C109: سلسلة شرح الأسماء الحسنى | D109: الولي والمولى والوالي | F109: اسم الله الولي والمولى والوالي | H109: صوتي | I109: 2026-03-05 | J109: فتح في تليجرام
A110: 109 | B110: التزكية | C110: سلسلة شرح الأسماء الحسنى | D110: الجواد والمعطي المانع | F110: اسم الله الجواد والمعطي المانع | H110: صوتي | I110: 2026-03-06 | J110: فتح في تليجرام
A111: 110 | B111: التزكية | C111: سلسلة شرح الأسماء الحسنى | D111: الحي، القيوم | F111: اسم الله الحي،القيوم | H111: صوتي | I111: 2026-03-07 | J111: فتح في تليجرام
A112: 111 | B112: التزكية | C112: شرح طاقة ورد في فقه الورد | F112: لفضيله الشيخ الدكتور محمد اسماعيل المقدم | H112: صوتي | I112: 2022-03-20 | J112: فتح في تليجرام
...

Sheet قصص الأنبياء
A1: م | B1: التصنيف | C1: السلسلة | D1: الكتاب / الباب | E1: رقم الدرس | F1: عنوان الدرس | G1: الموضوعات | H1: النوع | I1: التاريخ | J1: الرابط
A2: 1 | B2: قصص الأنبياء | C2: سلسلة تأملات إيمانية في قصص الأنبياء | D2: هود | F2: آيات في هلاك قوم عاد | H2: صوتي | I2: 2022-04-19 | J2: فتح في تليجرام
A3: 2 | B3: قصص الأنبياء | C3: سلسلة تأملات إيمانية في قصص الأنبياء | D3: يونس | E3: 1 | F3: تأملات إيمانية في قصة نبي الله يونس عليه السلام - 1 | H3: صوتي | I3: 2023-03-24 | J3: فتح في تليجرام
A4: 3 | B4: قصص الأنبياء | C4: سلسلة تأملات إيمانية في قصص الأنبياء | D4: يونس | F4: تأملات إيمانية في قصة نبي الله يونس عليه السلام 2 | H4: صوتي | I4: 2023-03-25 | J4: فتح في تليجرام
A5: 4 | B5: قصص الأنبياء | C5: سلسلة تأملات إيمانية في قصص الأنبياء | D5: يونس | F5: تأملات إيمانية في قصة نبي الله يونس عليه السلام 3 | H5: صوتي | I5: 2023-04-03 | J5: فتح في تليجرام
A6: 5 | B6: قصص الأنبياء | C6: سلسلة تأملات إيمانية في قصص الأنبياء | D6: يونس | E6: 4 | F6: يونس - الدرس 4 | H6: صوتي | I6: 2023-04-05 | J6: فتح في تليجرام
A7: 6 | B7: قصص الأنبياء | C7: سلسلة تأملات إيمانية في قصص الأنبياء | D7: سليمان | E7: 1 | F7: نبي الله سليمان عليه السلام - 1 | H7: صوتي | I7: 2023-04-05 | J7: فتح في تليجرام
A8: 7 | B8: قصص الأنبياء | C8: سلسلة تأملات إيمانية في قصص الأنبياء | D8: سليمان | E8: 2 | F8: نبي الله سليمان عليه السلام - 2 | H8: صوتي | I8: 2023-04-07 | J8: فتح في تليجرام
A9: 8 | B9: قصص الأنبياء | C9: سلسلة تأملات إيمانية في قصص الأنبياء | D9: سليمان | E9: 3 | F9: نبي الله سليمان عليه السلام - 3 | H9: صوتي | I9: 2023-04-07 | J9: فتح في تليجرام
A10: 9 | B10: قصص الأنبياء | C10: سلسلة تأملات إيمانية في قصص الأنبياء | D10: سليمان | E10: 4 | F10: نبي الله سليمان عليه السلام - 4 | H10: صوتي | I10: 2023-04-09 | J10: فتح في تليجرام
A11: 10 | B11: قصص الأنبياء | C11: سلسلة تأملات إيمانية في قصص الأنبياء | D11: سليمان | E11: 5 | F11: نبي الله سليمان عليه السلام - 5 | H11: صوتي | I11: 2023-04-09 | J11: فتح في تليجرام
A12: 11 | B12: قصص الأنبياء | C12: سلسلة تأملات إيمانية في قصص الأنبياء | D12: سليمان | E12: 6 | F12: نبي الله سليمان عليه السلام - 6 | H12: صوتي | I12: 2023-04-10 | J12: فتح في تليجرام
A13: 12 | B13: قصص الأنبياء | C13: سلسلة تأملات إيمانية في قصص الأنبياء | D13: داوود | E13: 1 | F13: إيمانية في قصة نبي الله داوود عليه السلام - 1 | H13: صوتي | I13: 2024-03-18 | J13: فتح في تليجرام
A14: 13 | B14: قصص الأنبياء | C14: سلسلة تأملات إيمانية في قصص الأنبياء | D14: داوود | E14: 2 | F14: إيمانية في قصة نبي الله داوود عليه السلام - 2 | H14: صوتي | I14: 2024-03-19 | J14: فتح في تليجرام
A15: 14 | B15: قصص الأنبياء | C15: سلسلة تأملات إيمانية في قصص الأنبياء | D15: داوود | E15: 3 | F15: إيمانية في قصة نبي الله داوود عليه السلام - 3 | H15: صوتي | I15: 2024-03-20 | J15: فتح في تليجرام
A16: 15 | B16: قصص الأنبياء | C16: سلسلة تأملات إيمانية في قصص الأنبياء | D16: يوشع بن نون | E16: 1 | F16: إيمانية في قصة نبي الله يوشع بن نون عليه السلام-1 | H16: صوتي | I16: 2025-03-15 | J16: فتح في تليجرام
A17: 16 | B17: قصص الأنبياء | C17: سلسلة تأملات إيمانية في قصص الأنبياء | D17: يوشع بن نون | E17: 2 | F17: إيمانية في قصة نبي الله يوشع بن نون عليه السلام-2 | H17: صوتي | I17: 2025-03-16 | J17: فتح في تليجرام
... A19: 18 | B19: قصص الأنبياء | C19: سلسلة تأملات إيمانية في قصص الأنبياء | D19: يوشع بن نون | E19: 4 | F19: إيمانية في قصة نبي الله يوشع بن نون عليه السلام-4 | H19: صوتي | I19: 2025-03-20 | J19: فتح في تليجرام
A20: 19 | B20: قصص الأنبياء | C20: سلسلة تأملات إيمانية في قصص الأنبياء | D20: يوشع بن نون | E20: 5 | F20: إيمانية في قصة نبي الله يوشع بن نون عليه السلام-5 | G20: (ختام السلسلة) | H20: صوتي | I20: 2025-03-20 | J20: فتح في تليجرام
A21: 20 | B21: قصص الأنبياء | C21: سلسلة تأملات إيمانية في قصص الأنبياء | D21: مؤمن آل فرعون | E21: 1 | F21: تأملات إيمانية في قصة مؤمن آل فرعون - 1 | H21: صوتي | I21: 2026-03-05 | J21: فتح في تليجرام
A22: 21 | B22: قصص الأنبياء | C22: سلسلة تأملات إيمانية في قصص الأنبياء | D22: مؤمن آل فرعون | E22: 2 | F22: تأملات إيمانية في قصة مؤمن آل فرعون - 2 | H22: صوتي | I22: 2026-03-05 | J22: فتح في تليجرام
A23: 22 | B23: قصص الأنبياء | C23: سلسلة تأملات إيمانية في قصص الأنبياء | D23: مؤمن آل فرعون | E23: 3 | F23: تأملات إيمانية في قصة مؤمن آل فرعون - 3 | H23: صوتي | I23: 2026-03-05 | J23: فتح في تليجرام
A24: 23 | B24: قصص الأنبياء | C24: سلسلة تأملات إيمانية في قصص الأنبياء | D24: مؤمن آل فرعون | E24: 4 | F24: تأملات إيمانية في قصة مؤمن آل فرعون - 4 | H24: صوتي | I24: 2026-03-06 | J24: فتح في تليجرام
A25: 24 | B25: قصص الأنبياء | C25: سلسلة تأملات إيمانية في قصص الأنبياء | D25: مؤمن آل فرعون | E25: 5 | F25: تأملات إيمانية في قصة مؤمن آل فرعون - 5 | H25: صوتي | I25: 2026-03-07 | J25: فتح في تليجرام
A26: 25 | B26: قصص الأنبياء | C26: سلسلة تأملات إيمانية في قصص الأنبياء | D26: مؤمن آل فرعون | E26: 6 | F26: تأملات إيمانية في قصة مؤمن آل فرعون - 6 | H26: صوتي | I26: 2026-03-08 | J26: فتح في تليجرام
A27: 26 | B27: قصص الأنبياء | C27: سلسلة تأملات إيمانية في قصص الأنبياء | D27: مؤمن آل فرعون | E27: 7 | F27: تأملات إيمانية في قصة مؤمن آل فرعون - 7 (الأخيرة) | H27: صوتي | I27: 2026-03-09 | J27: فتح في تليجرام

Sheet السيرة النبوية
A1: م | B1: التصنيف | C1: السلسلة | D1: الكتاب / الباب | E1: رقم الدرس | F1: عنوان الدرس | G1: الموضوعات | H1: النوع | I1: التاريخ | J1: الرابط
A2: 1 | B2: السيرة النبوية | C2: لقاءات السيرة النبوية | D2: غزوة الأحزاب | F2: أحداث ما بعد غزوة الأحزاب | H2: صوتي | I2: 2021-11-12 | J2: فتح في تليجرام
A3: 2 | B3: السيرة النبوية | C3: لقاءات السيرة النبوية | D3: غزوة الأحزاب | F3: لقاء الخميس | G3: موعدنا العشاء بمشيئة الله بمسجد فجر الإسلام مع درس سيرة الحبيب صلى الله عليه وسلم أحداث ما بعد غزوة الأحزاب | H3: صوتي | I3: 2021-11-18 | J3: فتح في تليجرام
A4: 3 | B4: السيرة النبوية | C4: لقاءات السيرة النبوية | D4: غزوة بني قريظة | F4: غزوة بني قريظة (2021-11-12) | H4: صوتي | I4: 2021-11-12 | J4: فتح في تليجرام
A5: 4 | B5: السيرة النبوية | C5: لقاءات السيرة النبوية | D5: غزوة بني لحيان | F5: غزوة بني لحيان - سرية الخبط وحوت العنبر | H5: صوتي | I5: 2021-12-02 | J5: فتح في تليجرام
A6: 5 | B6: السيرة النبوية | C6: لقاءات السيرة النبوية | D6: غزوة بني المصطلق (المريسيع) | E6: 1 | F6: غزوة بني المصطلق (المريسيع) - الدرس 1 | H6: صوتي | I6: 2021-12-09 | J6: فتح في تليجرام
A7: 6 | B7: السيرة النبوية | C7: لقاءات السيرة النبوية | D7: غزوة بني المصطلق (المريسيع) | F7: وقفات مع غزوة بني المصطلق-المريسيع | H7: صوتي | I7: 2022-04-10 | J7: فتح في تليجرام
A8: 7 | B8: السيرة النبوية | C8: لقاءات السيرة النبوية | D8: غزوة بني المصطلق (المريسيع) | F8: وقفات مع غزوة بني المصطلق-المريسيع | H8: صوتي | I8: 2022-04-10 | J8: فتح في تليجرام
A9: 8 | B9: السيرة النبوية | C9: لقاءات السيرة النبوية | D9: غزوة بني المصطلق (المريسيع) | F9: وقفات مع غزوة بني المصطلق-المريسيع-الافك | H9: صوتي | I9: 2022-04-19 | J9: فتح في تليجرام
A10: 9 | B10: السيرة النبوية | C10: لقاءات السيرة النبوية | D10: غزوة بني المصطلق (المريسيع) | E10: 1 | F10: غزوة المريسيع - تأملات في آيات سورة النور-1 | H10: صوتي | I10: 2022-05-13 | J10: فتح في تليجرام
A11: 10 | B11: السيرة النبوية | C11: لقاءات السيرة النبوية | D11: غزوة بني المصطلق (المريسيع) | E11: 2 | F11: غزوة المريسيع - تأملات في آيات سورة النور-2 | H11: صوتي | I11: 2022-05-20 | J11: فتح في تليجرام
A12: 11 | B12: السيرة النبوية | C12: لقاءات السيرة النبوية | D12: غزوة بني المصطلق (المريسيع) | F12: تأملات في آيات غزوة بني المصطلق وحادثة إلافك | H12: صوتي | I12: 2022-06-02 | J12: فتح في تليجرام
A13: 12 | B13: السيرة النبوية | C13: لقاءات السيرة النبوية | D13: غزوة بني المصطلق (المريسيع) | F13: غزوة المريسيع و خاتمة حادثة الإفك | H13: صوتي | I13: 2022-07-22 | J13: فتح في تليجرام
A14: 13 | B14: السيرة النبوية | C14: لقاءات السيرة النبوية | D14: لقاءات متفرقة | F14: لقاء السيرة النبوية | H14: صوتي | I14: 2021-12-23 | J14: فتح في تليجرام
A15: 14 | B15: السيرة النبوية | C15: لقاءات السيرة النبوية | D15: لقاءات متفرقة | F15: وقفات مع يوم بئر معونة | H15: صوتي | I15: 2022-04-07 | J15: فتح في تليجرام
A16: 15 | B16: السيرة النبوية | C16: لقاءات السيرة النبوية | D16: لقاءات متفرقة | F16: تأملات في آيات حادثة إلافك، بيان مخططات أعداء الأمة في نشر الفاحشة | H16: صوتي | I16: 2022-06-09 | J16: فتح في تليجرام
A17: 16 | B17: السيرة النبوية | C17: لقاءات السيرة النبوية | D17: لقاءات متفرقة | F17: وقفات مع العهود مع اليهود | G17: تاريخ بيت المقدس من البناء حتى يومنا هذا. | H17: صوتي | I17: 2023-11-23 | J17: فتح في تليجرام
A18: 17 | B18: السيرة النبوية | C18: لقاءات السيرة النبوية | D18: لقاءات متفرقة | F18: عمرة القضاء | H18: صوتي | I18: 2023-12-09 | J18: فتح في تليجرام
A19: 18 | B19: السيرة النبوية | C19: لقاءات السيرة النبوية | D19: لقاءات متفرقة | F19: تأملات ووقفات إيمانية في غزوات النبي صلى الله عليه وسلم | H19: صوتي | I19: 2026-06-18 | J19: فتح في تليجرام
A20: 19 | B20: السيرة النبوية | C20: لقاءات السيرة النبوية | D20: لقاءات متفرقة | F20: البيت النبوي، ختام السيرة المطهرة | H20: صوتي | I20: 2026-10-29 | J20: فتح في تليجرام
A21: 20 | B21: السيرة النبوية | C21: لقاءات السيرة النبوية | D21: حادثة الإفك | E21: 1 | F21: حادثة الافك-1 | H21: صوتي | I21: 2021-12-30 | J21: فتح في تليجرام
A22: 21 | B22: السيرة النبوية | C22: لقاءات السيرة النبوية | D22: حادثة الإفك | F22: حادثة الافك | H22: صوتي | I22: 2022-01-06 | J22: فتح في تليجرام
A23: 22 | B23: السيرة النبوية | C23: لقاءات السيرة النبوية | D23: حادثة الإفك | F23: حادثة الإفك (2022-01-20) | H23: صوتي | I23: 2022-01-20 | J23: فتح في تليجرام
A24: 23 | B24: السيرة النبوية | C24: لقاءات السيرة النبوية | D24: حادثة الإفك | E24: 2 | F24: حادثة الإفك - الدرس 2 | H24: صوتي | I24: 2022-02-10 | J24: فتح في تليجرام
A25: 24 | B25: السيرة النبوية | C25: لقاءات السيرة النبوية | D25: غزوة أحد | E25: 1 | F25: وقفات مع يوم احد. - 1 | H25: صوتي | I25: 2022-04-01 | J25: فتح في تليجرام
A26: 25 | B26: السيرة النبوية | C26: لقاءات السيرة النبوية | D26: غزوة أحد | E26: 2 | F26: وقفات مع يوم احد. - 2 | H26: صوتي | I26: 2022-04-03 | J26: فتح في تليجرام
A27: 26 | B27: السيرة النبوية | C27: لقاءات السيرة النبوية | D27: غزوة أحد | E27: 3 | F27: وقفات مع يوم احد. - 3 | H27: صوتي | I27: 2022-04-04 | J27: فتح في تليجرام
A28: 27 | B28: السيرة النبوية | C28: لقاءات السيرة النبوية | D28: غزوة أحد | E28: 4 | F28: لقاءات السيرة النبوية.. وقفات مع يوم احد. - 4 | H28: صوتي | I28: 2022-04-04 | J28: فتح في تليجرام
A29: 28 | B29: السيرة النبوية | C29: لقاءات السيرة النبوية | D29: غزوة أحد | E29: 5 | F29: وقفات مع يوم احد. - 5 | H29: صوتي | I29: 2022-04-05 | J29: فتح في تليجرام
A30: 29 | B30: السيرة النبوية | C30: لقاءات السيرة النبوية | D30: غزوة تبوك | F30: نحن في تبوك | H30: صوتي | I30: 2022-04-08 | J30: فتح في تليجرام
A31: 30 | B31: السيرة النبوية | C31: لقاءات السيرة النبوية | D31: غزوة تبوك | E31: 1 | F31: غزوة تبوك - الدرس 1 | G31: غزوة تبوك-1. | H31: صوتي | I31: 2024-11-29 | J31: فتح في تليجرام
A32: 31 | B32: السيرة النبوية | C32: لقاءات السيرة النبوية | D32: غزوة تبوك | E32: 2 | F32: غزوة تبوك - الدرس 2 | G32: غزوة تبوك-2. | H32: صوتي | I32: 2024-12-10 | J32: فتح في تليجرام
A33: 32 | B33: السيرة النبوية | C33: لقاءات السيرة النبوية | D33: غزوة تبوك | E33: 3 | F33: غزوة تبوك - الدرس 3 | G33: غزوة تبوك-3. | H33: صوتي | I33: 2025-01-06 | J33: فتح في تليجرام
A34: 33 | B34: السيرة النبوية | C34: لقاءات السيرة النبوية | D34: غزوة تبوك | E34: 4 | F34: غزوة تبوك - الدرس 4 | G34: غزوة تبوك-4. | H34: صوتي | I34: 2025-01-06 | J34: فتح في تليجرام
A35: 34 | B35: السيرة النبوية | C35: لقاءات السيرة النبوية | D35: غزوة تبوك | E35: 5 | F35: غزوة تبوك - الدرس 5 | G35: غزوة تبوك-5. | H35: صوتي | I35: 2025-01-06 | J35: فتح في تليجرام
A36: 35 | B36: السيرة النبوية | C36: لقاءات السيرة النبوية | D36: غزوة تبوك | E36: 5 | F36: غزوة تبوك - الدرس 5 | G36: غزوة تبوك-5. | H36: صوتي | I36: 2025-01-26 | J36: فتح في تليجرام
A37: 36 | B37: السيرة النبوية | C37: لقاءات السيرة النبوية | D37: غزوة تبوك | E37: 6 | F37: العهود والمواثيق التي نزلت براءة بأحكامها | G37: غزوة تبوك-6. | H37: صوتي | I37: 2025-04-15 | J37: فتح في تليجرام
A38: 37 | B38: السيرة النبوية | C38: لقاءات السيرة النبوية | D38: غزوة تبوك | E38: 7 | F38: العهود والمواثيق التي نزلت براءة بأحكامها-2 | G38: غزوة تبوك-7. | H38: صوتي | I38: 2025-04-28 | J38: فتح في تليجرام
A39: 38 | B39: السيرة النبوية | C39: لقاءات السيرة النبوية | D39: غزوة تبوك | E39: 8 | F39: العهود والمواثيق التي نزلت براءة بأحكامها-3 | G39: غزوة تبوك-8. | H39: صوتي | I39: 2025-05-01 | J39: فتح في تليجرام
A40: 39 | B40: السيرة النبوية | C40: لقاءات السيرة النبوية | D40: غزوة تبوك | E40: 9 | F40: العهود والمواثيق التي نزلت براءة بأحكامها-4 | G40: غزوة تبوك-9. | H40: صوتي | I40: 2025-05-11 | J40: فتح في تليجرام
A41: 40 | B41: السيرة النبوية | C41: لقاءات السيرة النبوية | D41: غزوة تبوك | E41: 10 | F41: تأملات إيمانية في آيات سورة براءة -5 | G41: غزوة تبوك-10. | H41: صوتي | I41: 2025-06-15 | J41: فتح في تليجرام
A42: 41 | B42: السيرة النبوية | C42: لقاءات السيرة النبوية | D42: غزوة تبوك | E42: 11 | F42: تأملات إيمانية في آيات سورة براءة -6 | G42: غزوة تبوك-11. | H42: صوتي | I42: 2025-06-23 | J42: فتح في تليجرام
... A63: 62 | B63: السيرة النبوية | C63: لقاءات السيرة النبوية | D63: غزوة تبوك | E63: 31 | F63: تأملات إيمانية في آيات سورة براءة -27 | G63: غزوة تبوك-31. • معاتبات وفضائح المنافقين 11 | H63: صوتي | I63: 2026-06-15 | J63: فتح في تليجرام
A64: 63 | B64: السيرة النبوية | C64: لقاءات السيرة النبوية | D64: غزوة بني النضير | F64: وقفات مع غزوة بني النضير | H64: صوتي | I64: 2022-04-08 | J64: فتح في تليجرام
A65: 64 | B65: السيرة النبوية | C65: لقاءات السيرة النبوية | D65: غزوة الخندق | F65: وقفات مع غزوة الخندق | H65: صوتي | I65: 2022-04-20 | J65: فتح في تليجرام
A66: 65 | B66: السيرة النبوية | C66: لقاءات السيرة النبوية | D66: غزوة الحديبية | F66: سيرة الحبيب صلى الله عليه وسلم - السرايا بعد المريسي-غزوة الحديبية | H66: صوتي | I66: 2022-07-28 | J66: فتح في تليجرام
A67: 66 | B67: السيرة النبوية | C67: لقاءات السيرة النبوية | D67: غزوة الحديبية | E67: 2 | F67: غزوة الحديبية - الدرس 2 | H67: صوتي | I67: 2022-08-25 | J67: فتح في تليجرام
A68: 67 | B68: السيرة النبوية | C68: لقاءات السيرة النبوية | D68: غزوة الحديبية | E68: 3 | F68: غزوة الحديبية - الدرس 3 | H68: صوتي | I68: 2022-09-01 | J68: فتح في تليجرام
A69: 68 | B69: السيرة النبوية | C69: لقاءات السيرة النبوية | D69: غزوة الحديبية | E69: 3 | F69: غزوة الحديبية - الدرس 3 | H69: صوتي | I69: 2022-09-15 | J69: فتح في تليجرام
A70: 69 | B70: السيرة النبوية | C70: لقاءات السيرة النبوية | D70: غزوة الحديبية | E70: 4 | F70: غزوة الحديبية - الدرس 4 | H70: صوتي | I70: 2022-09-22 | J70: فتح في تليجرام
A71: 70 | B71: السيرة النبوية | C71: لقاءات السيرة النبوية | D71: غزوة الحديبية | E71: 5 | F71: غزوة الحديبية - الدرس 5 | H71: صوتي | I71: 2022-10-06 | J71: فتح في تليجرام
A72: 71 | B72: السيرة النبوية | C72: لقاءات السيرة النبوية | D72: غزوة الحديبية | E72: 6 | F72: غزوة الحديبية - الدرس 6 | H72: صوتي | I72: 2022-10-13 | J72: فتح في تليجرام
A73: 72 | B73: السيرة النبوية | C73: لقاءات السيرة النبوية | D73: غزوة الحديبية | E73: 7 | F73: تفسير سورة الفتح-1 | H73: صوتي | I73: 2022-10-27 | J73: فتح في تليجرام
A74: 73 | B74: السيرة النبوية | C74: لقاءات السيرة النبوية | D74: غزوة الحديبية | E74: 8 | F74: تفسير سورة الفتح-2 | H74: صوتي | I74: 2022-11-03 | J74: فتح في تليجرام
A75: 74 | B75: السيرة النبوية | C75: لقاءات السيرة النبوية | D75: غزوة الحديبية | E75: 9 | F75: تفسير سورة الفتح-3 | H75: صوتي | I75: 2022-11-17 | J75: فتح في تليجرام
A76: 75 | B76: السيرة النبوية | C76: لقاءات السيرة النبوية | D76: غزوة الحديبية | E76: 10 | F76: تفسير سورة الفتح-4 | H76: صوتي | I76: 2022-11-24 | J76: فتح في تليجرام
A77: 76 | B77: السيرة النبوية | C77: لقاءات السيرة النبوية | D77: غزوة الحديبية | E77: 11 | F77: تفسير سورة الفتح-5 | H77: صوتي | I77: 2022-12-08 | J77: فتح في تليجرام
A78: 77 | B78: السيرة النبوية | C78: لقاءات السيرة النبوية | D78: غزوة الحديبية | E78: 12 | F78: تفسير سورة الفتح-6 | H78: صوتي | I78: 2022-12-15 | J78: فتح في تليجرام
... A81: 80 | B81: السيرة النبوية | C81: لقاءات السيرة النبوية | D81: غزوة الحديبية | E81: 15 | F81: تفسير سورة الفتح-9 | H81: صوتي | I81: 2023-01-19 | J81: فتح في تليجرام
A82: 81 | B82: السيرة النبوية | C82: لقاءات السيرة النبوية | D82: غزوة الحديبية | E82: 16 | F82: تفسير سورة الفتح-10 | G82: أسئلة الشر في اوقات البلاء والزلازل والفتن. | H82: صوتي | I82: 2023-02-09 | J82: فتح في تليجرام
A83: 82 | B83: السيرة النبوية | C83: لقاءات السيرة النبوية | D83: غزوة الحديبية | E83: 17 | F83: تفسير سورة الفتح-11 | G83: اليقين في وعد الله. • صفة أصحاب النبي في التوراة. | H83: صوتي | I83: 2023-02-17 | J83: فتح في تليجرام
A84: 83 | B84: السيرة النبوية | C84: لقاءات السيرة النبوية | D84: غزوة الحديبية | E84: 18 | F84: تفسير سورة الفتح-12 | G84: صفة أصحاب النبي في الانجيل. • حتمية منهج السلف وأصحاب النبي صلى الله عليه وسلم. | H84: صوتي | I84: 2023-02-23 | J84: فتح في تليجرام
A85: 84 | B85: السيرة النبوية | C85: لقاءات السيرة النبوية | D85: مكاتبة الملوك والأمراء | F85: مكاتبة الملوك والامراء | H85: صوتي | I85: 2023-04-27 | J85: فتح في تليجرام
A86: 85 | B86: السيرة النبوية | C86: لقاءات السيرة النبوية | D86: مكاتبة الملوك والأمراء | E86: 2 | F86: مكاتبة الملوك والامراء-2 | H86: صوتي | I86: 2023-05-04 | J86: فتح في تليجرام
A87: 86 | B87: السيرة النبوية | C87: لقاءات السيرة النبوية | D87: مكاتبة الملوك والأمراء | E87: 3 | F87: مكاتبة الملوك والامراء-3 | H87: صوتي | I87: 2023-07-20 | J87: فتح في تليجرام
A88: 87 | B88: السيرة النبوية | C88: لقاءات السيرة النبوية | D88: مكاتبة الملوك والأمراء | E88: 4 | F88: مكاتبة الملوك والامراء-4 | H88: صوتي | I88: 2023-08-10 | J88: فتح في تليجرام
A89: 88 | B89: السيرة النبوية | C89: لقاءات السيرة النبوية | D89: مكاتبة الملوك والأمراء | E89: 5 | F89: مكاتبة الملوك والامراء-5 | H89: صوتي | I89: 2023-08-17 | J89: فتح في تليجرام
A90: 89 | B90: السيرة النبوية | C90: لقاءات السيرة النبوية | D90: حجة الوداع | E90: 1 | F90: حجة الوداع - الدرس 1 | H90: صوتي | I90: 2023-05-19 | J90: فتح في تليجرام
A91: 90 | B91: السيرة النبوية | C91: لقاءات السيرة النبوية | D91: حجة الوداع | E91: 2 | F91: احرام النبي من ذي الحليفة، الطواف والسعي | H91: صوتي | I91: 2023-06-01 | J91: فتح في تليجرام
A92: 91 | B92: السيرة النبوية | C92: لقاءات السيرة النبوية | D92: حجة الوداع | E92: 5 | F92: اعمال يوم النحر - ايام التشريق بمنى - طواف الوداع - والتحصيب - زيارة المدينة | H92: صوتي | I92: 2023-06-26 | J92: فتح في تليجرام
A93: 92 | B93: السيرة النبوية | C93: لقاءات السيرة النبوية | D93: حجة الوداع | E93: 1 | F93: حجة الوداع - الدرس 1 | G93: حجة الوداع - 1 | H93: صوتي | I93: 2026-08-16 | J93: فتح في تليجرام
A94: 93 | B94: السيرة النبوية | C94: لقاءات السيرة النبوية | D94: حجة الوداع | E94: 2 | F94: حجة الوداع - الدرس 2 | G94: حجة الوداع - 2 | H94: صوتي | I94: 2026-08-20 | J94: فتح في تليجرام
A95: 94 | B95: السيرة النبوية | C95: لقاءات السيرة النبوية | D95: حجة الوداع | E95: 3 | F95: حجة الوداع - الدرس 3 | G95: حجة الوداع - 3 | H95: صوتي | I95: 2026-08-31 | J95: فتح في تليجرام
A96: 95 | B96: السيرة النبوية | C96: لقاءات السيرة النبوية | D96: غزوة ذي قرد | F96: غزوة ذي قرد (2023-09-14) | H96: صوتي | I96: 2023-09-14 | J96: فتح في تليجرام
A97: 96 | B97: السيرة النبوية | C97: لقاءات السيرة النبوية | D97: غزوة خيبر | E97: 1 | F97: غزوة خيبر - الدرس 1 | H97: صوتي | I97: 2023-09-28 | J97: فتح في تليجرام
A98: 97 | B98: السيرة النبوية | C98: لقاءات السيرة النبوية | D98: غزوة خيبر | E98: 2 | F98: غزوة خيبر - الدرس 2 | H98: صوتي | I98: 2023-10-07 | J98: فتح في تليجرام
A99: 98 | B99: السيرة النبوية | C99: لقاءات السيرة النبوية | D99: غزوة خيبر | E99: 3 | F99: غزوة خيبر - الدرس 3 | H99: صوتي | I99: 2023-10-13 | J99: فتح في تليجرام
A100: 99 | B100: السيرة النبوية | C100: لقاءات السيرة النبوية | D100: غزوة خيبر | E100: 5 | F100: فتح الشطر الثاني من خيبر والغنائم | H100: صوتي | I100: 2023-11-04 | J100: فتح في تليجرام
A101: 100 | B101: السيرة النبوية | C101: لقاءات السيرة النبوية | D101: غزوة خيبر | E101: 6 | F101: قسمة غنائم خيبر وقصة الشاة المسمومة | H101: صوتي | I101: 2023-11-09 | J101: فتح في تليجرام
A102: 101 | B102: السيرة النبوية | C102: لقاءات السيرة النبوية | D102: غزوة ذات الرقاع | F102: غزوة ذات الرقاع، السرايا بعد خيبر | H102: صوتي | I102: 2023-12-03 | J102: فتح في تليجرام
A103: 102 | B103: السيرة النبوية | C103: لقاءات السيرة النبوية | D103: غزوة مؤتة | E103: 1 | F103: غزوة مؤتة - الدرس 1 | G103: غزوة مؤتة-1. | H103: صوتي | I103: 2023-12-22 | J103: فتح في تليجرام
A104: 103 | B104: السيرة النبوية | C104: لقاءات السيرة النبوية | D104: غزوة مؤتة | E104: 2 | F104: غزوة مؤتة - الدرس 2 | G104: غزوة مؤتة-2. | H104: صوتي | I104: 2023-12-29 | J104: فتح في تليجرام
A105: 104 | B105: السيرة النبوية | C105: لقاءات السيرة النبوية | D105: غزوة مؤتة | E105: 3 | F105: غزوة مؤتة - الدرس 3 | G105: غزوة مؤتة-3. | H105: صوتي | I105: 2024-01-11 | J105: فتح في تليجرام
A106: 105 | B106: السيرة النبوية | C106: لقاءات السيرة النبوية | D106: غزوة فتح مكة | E106: 1 | F106: غزوة فتح مكة - الدرس 1 | G106: غزوة فتح مكة-1. | H106: صوتي | I106: 2024-02-02 | J106: فتح في تليجرام
A107: 106 | B107: السيرة النبوية | C107: لقاءات السيرة النبوية | D107: غزوة فتح مكة | E107: 2 | F107: غزوة فتح مكة - الدرس 2 | G107: غزوة فتح مكة-2. | H107: صوتي | I107: 2024-02-10 | J107: فتح في تليجرام
A108: 107 | B108: السيرة النبوية | C108: لقاءات السيرة النبوية | D108: غزوة فتح مكة | E108: 3 | F108: غزوة فتح مكة - الدرس 3 | G108: غزوة فتح مكة-3. | H108: صوتي | I108: 2024-02-16 | J108: فتح في تليجرام
A109: 108 | B109: السيرة النبوية | C109: لقاءات السيرة النبوية | D109: غزوة فتح مكة | E109: 4 | F109: غزوة فتح مكة - الدرس 4 | G109: غزوة فتح مكة-4. | H109: صوتي | I109: 2024-05-03 | J109: فتح في تليجرام
A110: 109 | B110: السيرة النبوية | C110: لقاءات السيرة النبوية | D110: غزوة فتح مكة | E110: 5 | F110: غزوة فتح مكة - الدرس 5 | G110: غزوة فتح مكة-5. | H110: صوتي | I110: 2024-05-09 | J110: فتح في تليجرام
A111: 110 | B111: السيرة النبوية | C111: لقاءات السيرة النبوية | D111: غزوة فتح مكة | E111: 6 | F111: غزوة فتح مكة - الدرس 6 | G111: غزوة فتح مكة-6. | H111: صوتي | I111: 2024-07-06 | J111: فتح في تليجرام
A112: 111 | B112: السيرة النبوية | C112: لقاءات السيرة النبوية | D112: غزوة فتح مكة | E112: 7 | F112: غزوة فتح مكة - الدرس 7 | G112: غزوة فتح مكة-7. | H112: صوتي | I112: 2024-08-01 | J112: فتح في تليجرام
A113: 112 | B113: السيرة النبوية | C113: لقاءات السيرة النبوية | D113: غزوة فتح مكة | E113: 8 | F113: غزوة فتح مكة - الدرس 8 | G113: غزوة فتح مكة-8. | H113: صوتي | I113: 2024-08-27 | J113: فتح في تليجرام
A114: 113 | B114: السيرة النبوية | C114: لقاءات السيرة النبوية | D114: غزوة حنين | E114: 1 | F114: غزوة حنين - الدرس 1 | G114: غزوة حنين - 1. | H114: صوتي | I114: 2024-08-28 | J114: فتح في تليجرام
... A119: 118 | B119: السيرة النبوية | C119: لقاءات السيرة النبوية | D119: غزوة حنين | E119: 5 | F119: غزوة حنين - الدرس 5 | G119: غزوة حنين - 5. | H119: صوتي | I119: 2024-10-17 | J119: فتح في تليجرام
A120: 119 | B120: السيرة النبوية | C120: لقاءات السيرة النبوية | D120: غزوة حنين | E120: 6 | F120: غزوة حنين - 6 ،السرايا بعد حنين | H120: صوتي | I120: 2024-11-18 | J120: فتح في تليجرام
A121: 120 | B121: السيرة النبوية | C121: لقاءات السيرة النبوية | D121: مشاهد من المدينة النبوية | F121: مشاهد الأنصار في رحاب مدينة الحبيب صلى الله عليه وسلم | H121: صوتي | I121: 2025-09-23 | J121: فتح في تليجرام
A122: 121 | B122: السيرة النبوية | C122: لقاءات السيرة النبوية | D122: مشاهد من المدينة النبوية | F122: في رحاب أحد | H122: صوتي | I122: 2025-09-23 | J122: فتح في تليجرام
A123: 122 | B123: السيرة النبوية | C123: لقاءات السيرة النبوية | D123: عام الوفود | E123: 1 | F123: عام الوفود - الدرس 1 | G123: عام الوفود-1 | H123: صوتي | I123: 2026-07-05 | J123: فتح في تليجرام
A124: 123 | B124: السيرة النبوية | C124: لقاءات السيرة النبوية | D124: عام الوفود | E124: 2 | F124: عام الوفود - الدرس 2 | G124: عام الوفود-2 | H124: صوتي | I124: 2026-07-16 | J124: فتح في تليجرام
A125: 124 | B125: السيرة النبوية | C125: لقاءات السيرة النبوية | D125: عام الوفود | E125: 3 | F125: عام الوفود - الدرس 3 | G125: عام الوفود-3 | H125: صوتي | I125: 2026-07-25 | J125: فتح في تليجرام
A126: 125 | B126: السيرة النبوية | C126: لقاءات السيرة النبوية | D126: حصاد سنوات الدعوة | F126: حصاد ثلاثة وعشرين عاما من الدعوة إلى الله | H126: صوتي | I126: 2026-08-01 | J126: فتح في تليجرام
...

Sheet الحديث
A1: م | B1: التصنيف | C1: السلسلة | D1: الكتاب / الباب | E1: رقم الدرس | F1: عنوان الدرس | G1: الموضوعات | H1: النوع | I1: التاريخ | J1: الرابط
A2: 1 | B2: الحديث | C2: شرح البيقونية في مصطلح الحديث (دورة مصطلح الحديث) | F2: متن المنظومة البيقونية (PDF) | H2: PDF | I2: 2022-05-24 | J2: فتح في تليجرام
A3: 2 | B3: الحديث | C3: شرح البيقونية في مصطلح الحديث (دورة مصطلح الحديث) | E3: 1 | F3: شرح البيقونية - المجلس الأول | H3: صوتي | I3: 2022-05-24 | J3: فتح في تليجرام
A4: 3 | B4: الحديث | C4: شرح البيقونية في مصطلح الحديث (دورة مصطلح الحديث) | E4: 2 | F4: شرح البيقونية - المجلس الثاني | H4: صوتي | I4: 2022-05-24 | J4: فتح في تليجرام
A5: 4 | B5: الحديث | C5: شرح البيقونية في مصطلح الحديث (دورة مصطلح الحديث) | F5: شرح البيقونية في مصطلح الحديث (دورة مصطلح الحديث) (تابع) | H5: فيديو | I5: 2022-05-24 | J5: فتح في تليجرام
A6: 5 | B6: الحديث | C6: شرح البيقونية في مصطلح الحديث (دورة مصطلح الحديث) | E6: 3 | F6: شرح البيقونية - المجلس الثالث | H6: صوتي | I6: 2022-05-24 | J6: فتح في تليجرام
A7: 6 | B7: الحديث | C7: شرح البيقونية في مصطلح الحديث (دورة مصطلح الحديث) | E7: 4 | F7: شرح البيقونية - المجلس الرابع | H7: صوتي | I7: 2022-05-24 | J7: فتح في تليجرام
A8: 7 | B8: الحديث | C8: شرح البيقونية في مصطلح الحديث (دورة مصطلح الحديث) | E8: 5 | F8: شرح البيقونية - المجلس الخامس | H8: صوتي | I8: 2022-05-24 | J8: فتح في تليجرام

Sheet شروح السنة
A1: م | B1: التصنيف | C1: السلسلة | D1: الكتاب / الباب | E1: رقم الدرس | F1: عنوان الدرس | G1: الموضوعات | H1: النوع | I1: التاريخ | J1: الرابط
A2: 1 | B2: شروح السنة | C2: شرح السلسلة الصحيحة (كاملة) | D2: الأخلاق والبر والصلة | E2: 71 | F2: من أخلاقه صلى الله عليه وسلم | H2: صوتي | I2: 2021-11-12 | J2: فتح في تليجرام
A3: 2 | B3: شروح السنة | C3: شرح السلسلة الصحيحة (كاملة) | D3: الأخلاق والبر والصلة | E3: 72 | F3: مواقف غيرة ازواج النبي صفية وعائشة وزينب في سفر حجة الوداع | H3: صوتي | I3: 2021-11-13 | J3: فتح في تليجرام
A4: 3 | B4: شروح السنة | C4: شرح السلسلة الصحيحة (كاملة) | D4: الأخلاق والبر والصلة | E4: 73 | F4: جملة من الآداب والسنن عند دخول الليل في البيت ومع الاطفال | H4: صوتي | I4: 2021-11-15 | J4: فتح في تليجرام
A5: 4 | B5: شروح السنة | C5: شرح السلسلة الصحيحة (كاملة) | D5: الأخلاق والبر والصلة | E5: 74 | F5: من أخلاقه مع احفاده | H5: صوتي | I5: 2021-11-18 | J5: فتح في تليجرام
A6: 5 | B6: شروح السنة | C6: شرح السلسلة الصحيحة (كاملة) | D6: الأخلاق والبر والصلة | E6: 75 | F6: مخموم القلب | H6: صوتي | I6: 2021-11-19 | J6: فتح في تليجرام
A7: 6 | B7: شروح السنة | C7: شرح السلسلة الصحيحة (كاملة) | D7: الأخلاق والبر والصلة | E7: 76 | F7: حكم اللحوم المستوردة والذبائح | G7: تغيير حدود الأرض • اللواط وحقوق المثليين عند الغرب. | H7: صوتي | I7: 2021-11-20 | J7: فتح في تليجرام
A8: 7 | B8: شروح السنة | C8: شرح السلسلة الصحيحة (كاملة) | D8: الأخلاق والبر والصلة | E8: 77 | F8: جود ابي طلحه وزوجه الرميساء | H8: صوتي | I8: 2021-11-21 | J8: فتح في تليجرام
A9: 8 | B9: شروح السنة | C9: شرح السلسلة الصحيحة (كاملة) | D9: الأخلاق والبر والصلة | E9: 78 | F9: لو أن رجلين دخلا في الإسلام فاهتجرا | H9: صوتي | I9: 2021-11-22 | J9: فتح في تليجرام
A10: 9 | B10: شروح السنة | C10: شرح السلسلة الصحيحة (كاملة) | D10: الأخلاق والبر والصلة | E10: 79 | F10: لو رايتموني وابليس | H10: صوتي | I10: 2021-11-23 | J10: فتح في تليجرام
A11: 10 | B11: شروح السنة | C11: شرح السلسلة الصحيحة (كاملة) | D11: الأخلاق والبر والصلة | E11: 80 | F11: اعجل الأعمال الصالحة ثوابا، اعجل المعاصي عقوبة | H11: صوتي | I11: 2021-11-24 | J11: فتح في تليجرام
A12: 11 | B12: شروح السنة | C12: شرح السلسلة الصحيحة (كاملة) | D12: الأخلاق والبر والصلة | E12: 81 | F12: فضيلة تطهير وتطييب المسجد | H12: صوتي | I12: 2021-11-25 | J12: فتح في تليجرام
A13: 12 | B13: شروح السنة | C13: شرح السلسلة الصحيحة (كاملة) | D13: الأخلاق والبر والصلة | E13: 82 | F13: ما أخاف على أمَّتي إلَّا ثلاثًا : شُحٌّ مُطاعٌ ، وهوًى مُتَّبعٌ ، وإمامُ ضلالٍ | G13: تذكرة بآداب وسنن الجمعة. | H13: صوتي | I13: 2021-11-26 | J13: فتح في تليجرام
A14: 13 | B14: شروح السنة | C14: شرح السلسلة الصحيحة (كاملة) | D14: الأخلاق والبر والصلة | E14: 83 | F14: مَا اسْتَكْبَرَ مَنْ أَكَلَ مَعَهُ خَادِمُهُ، وَرَكِبَ الْحِمَارَ بِالأَسْوَاقِ، وَاعْتَقَلَ الشَّاةَ فَحَلَبَهَا" | H14: صوتي | I14: 2021-11-27 | J14: فتح في تليجرام
A15: 14 | B15: شروح السنة | C15: شرح السلسلة الصحيحة (كاملة) | D15: الأخلاق والبر والصلة | E15: 84 | F15: مَا اظن فلانا وفلانا يعرفان من ديننا شيئا" | H15: صوتي | I15: 2021-11-28 | J15: فتح في تليجرام
A16: 15 | B16: شروح السنة | C16: شرح السلسلة الصحيحة (كاملة) | D16: الأخلاق والبر والصلة | E16: 85 | F16: آداب النصيحة | G16: مَا تعدون الرقوب فيكم.. • ابخل الناس... | H16: صوتي | I16: 2021-11-29 | J16: فتح في تليجرام
A17: 16 | B17: شروح السنة | C17: شرح السلسلة الصحيحة (كاملة) | D17: الأخلاق والبر والصلة | E17: 86 | F17: أفضل الأعمال | G17: أبغض خلق الي رسول الله • اعجل الذنوب عقوبة | H17: صوتي | I17: 2021-11-30 | J17: فتح في تليجرام
A18: 17 | B18: شروح السنة | C18: شرح السلسلة الصحيحة (كاملة) | D18: الأخلاق والبر والصلة | E18: 87 | F18: فضل الزيارة في الله | H18: صوتي | I18: 2021-12-01 | J18: فتح في تليجرام
A19: 18 | B19: شروح السنة | C19: شرح السلسلة الصحيحة (كاملة) | D19: الأخلاق والبر والصلة | E19: 88 | F19: الأعمال الخمسة المنجية مع الايمان | H19: صوتي | I19: 2021-12-02 | J19: فتح في تليجرام
A20: 19 | B20: شروح السنة | C20: شرح السلسلة الصحيحة (كاملة) | D20: الأخلاق والبر والصلة | E20: 89 | F20: اليمين الغموس-عاقبة الكبر-من حقوق الجار | H20: صوتي | I20: 2021-12-03 | J20: فتح في تليجرام
A21: 20 | B21: شروح السنة | C21: شرح السلسلة الصحيحة (كاملة) | D21: الأخلاق والبر والصلة | E21: 90 | F21: فضل سكني المدينة -الاطلاع على عورات البيوت | H21: صوتي | I21: 2021-12-04 | J21: فتح في تليجرام
A22: 21 | B22: شروح السنة | C22: شرح السلسلة الصحيحة (كاملة) | D22: الأخلاق والبر والصلة | E22: 91 | F22: اخلاق المؤمنين الهينة اللينة | H22: صوتي | I22: 2021-12-05 | J22: فتح في تليجرام
A23: 22 | B23: شروح السنة | C23: شرح السلسلة الصحيحة (كاملة) | D23: الأخلاق والبر والصلة | E23: 92 | F23: عطاء النبي للانصار-هلاك الوعول وظهور التحوت | H23: صوتي | I23: 2021-12-06 | J23: فتح في تليجرام
A24: 23 | B24: شروح السنة | C24: شرح السلسلة الصحيحة (كاملة) | D24: الأخلاق والبر والصلة | E24: 93 | F24: أعمال في سبيل الله- لا اجر الا بحسبة ولا عمل الا بنية | H24: صوتي | I24: 2021-12-07 | J24: فتح في تليجرام
A25: 24 | B25: شروح السنة | C25: شرح السلسلة الصحيحة (كاملة) | D25: الأخلاق والبر والصلة | E25: 94 | F25: موقف ابن سلول وابنه عبدالله | H25: صوتي | I25: 2021-12-08 | J25: فتح في تليجرام
A26: 25 | B26: شروح السنة | C26: شرح السلسلة الصحيحة (كاملة) | D26: الأخلاق والبر والصلة | E26: 95 | F26: لا يتم بعد احتلام-تزكية الصحابة أنفسهم من الكبر | H26: صوتي | I26: 2021-12-09 | J26: فتح في تليجرام
A27: 26 | B27: شروح السنة | C27: شرح السلسلة الصحيحة (كاملة) | D27: الأخلاق والبر والصلة | E27: 96 | F27: استقامة القلب-ذو الوجهين-أثقل خلقين في الميزان | H27: صوتي | I27: 2021-12-10 | J27: فتح في تليجرام
A28: 27 | B28: شروح السنة | C28: شرح السلسلة الصحيحة (كاملة) | D28: الأخلاق والبر والصلة | E28: 97 | F28: تودد النبي لعائشة أحكام الغناء ومايجوز منه | H28: صوتي | I28: 2021-12-11 | J28: فتح في تليجرام
A29: 28 | B29: شروح السنة | C29: شرح السلسلة الصحيحة (كاملة) | E29: 1 | F29: شرح أحاديث الأحكام /فقه الطهارة - 1 | H29: صوتي | I29: 2021-11-14 | J29: فتح في تليجرام
A30: 29 | B30: شروح السنة | C30: شرح السلسلة الصحيحة (كاملة) | E30: 2 | F30: شرح أحاديث الأحكام /فقه الطهارة - 2 | H30: صوتي | I30: 2021-11-14 | J30: فتح في تليجرام
A31: 30 | B31: شروح السنة | C31: شرح السلسلة الصحيحة (كاملة) | E31: 3 | F31: فقه الطهارة -3 | G31: شرح أحاديث الأحكام | H31: صوتي | I31: 2021-11-14 | J31: فتح في تليجرام
A32: 31 | B32: شروح السنة | C32: شرح السلسلة الصحيحة (كاملة) | E32: 4 | F32: فقه الطهارة - 4 | H32: صوتي | I32: 2021-11-14 | J32: فتح في تليجرام
A33: 32 | B33: شروح السنة | C33: شرح السلسلة الصحيحة (كاملة) | E33: 5 | F33: فقه الطهارة - 5 | H33: صوتي | I33: 2021-11-14 | J33: فتح في تليجرام
A34: 33 | B34: شروح السنة | C34: شرح السلسلة الصحيحة (كاملة) | E34: 6 | F34: فقه الطهارة - 6 | H34: صوتي | I34: 2021-11-14 | J34: فتح في تليجرام
A35: 34 | B35: شروح السنة | C35: شرح السلسلة الصحيحة (كاملة) | E35: 7 | F35: اسئلة شرح أحاديث الأحكام من | G35: فقه الطهارة - 7 | H35: صوتي | I35: 2021-11-14 | J35: فتح في تليجرام
A36: 35 | B36: شروح السنة | C36: شرح السلسلة الصحيحة (كاملة) | E36: 7 | F36: فقه الطهارة - 7 ج2 | H36: صوتي | I36: 2021-11-14 | J36: فتح في تليجرام
A37: 36 | B37: شروح السنة | C37: شرح السلسلة الصحيحة (كاملة) | E37: 8 | F37: اسئلة شرح أحاديث الأحكام من | G37: فقه الطهارة - 8 | H37: صوتي | I37: 2021-11-14 | J37: فتح في تليجرام
A38: 37 | B38: شروح السنة | C38: شرح السلسلة الصحيحة (كاملة) | E38: 9 | F38: اسئلة شرح أحاديث الأحكام من | G38: فقه الطهارة - 9 | H38: صوتي | I38: 2021-11-14 | J38: فتح في تليجرام
A39: 38 | B39: شروح السنة | C39: شرح السلسلة الصحيحة (كاملة) | F39: درس مراجعة فقه الطهارة | H39: صوتي | I39: 2021-11-14 | J39: فتح في تليجرام
A40: 39 | B40: شروح السنة | C40: شرح السلسلة الصحيحة (كاملة) | E40: 1 | F40: للألباني مجردة عن التخريج-الطهارة1.pdf | H40: PDF | I40: 2021-11-14 | J40: فتح في تليجرام
A41: 40 | B41: شروح السنة | C41: شرح السلسلة الصحيحة (كاملة) | F41: لقاء مهم نتناول فيه بإذن الله أحكام جميع النجاسات | H41: صوتي | I41: 2021-11-28 | J41: فتح في تليجرام
A42: 41 | B42: شروح السنة | C42: شرح السلسلة الصحيحة (كاملة) | F42: اجعلوا بينكم وبين الحرام ستره من الحلال | G42: .. اتقوا النار ولو بشق تمره | H42: صوتي | I42: 2021-11-29 | J42: فتح في تليجرام
A43: 42 | B43: شروح السنة | C43: شرح السلسلة الصحيحة (كاملة) | E43: 1 | F43: للشيخ الألباني، الأذان والصلاة-1 | H43: صوتي | I43: 2021-12-05 | J43: فتح في تليجرام
A44: 43 | B44: شروح السنة | C44: شرح السلسلة الصحيحة (كاملة) | F44: فضل الزيارة فى الله | G44: خطورة اللعن • استدراج الله للعبد • وصايا النبى صلى الله عليه وسلم السته فى زمان ضياع الأمانه | H44: صوتي | I44: 2021-12-06 | J44: فتح في تليجرام
A45: 44 | B45: شروح السنة | C45: شرح السلسلة الصحيحة (كاملة) | E45: 2 | F45: شرح أحاديث الأحكام من السلسلة الصحيحة للشيخ الألباني، الأذان والصلاة-2 | H45: صوتي | I45: 2021-12-26 | J45: فتح في تليجرام
A46: 45 | B46: شروح السنة | C46: شرح السلسلة الصحيحة (كاملة) | E46: 3 | F46: شرح أحاديث الأحكام من السلسلة الصحيحة للشيخ الألباني، الأذان والصلاة-3 | H46: صوتي | I46: 2022-01-09 | J46: فتح في تليجرام
A47: 46 | B47: شروح السنة | C47: شرح السلسلة الصحيحة (كاملة) | E47: 4 | F47: شرح أحاديث الأحكام من السلسلة الصحيحة للشيخ الألباني، الأذان والصلاة-4 | H47: صوتي | I47: 2022-01-23 | J47: فتح في تليجرام
A48: 47 | B48: شروح السنة | C48: شرح السلسلة الصحيحة (كاملة) | E48: 6 | F48: شرح أحاديث الأحكام من السلسلة الصحيحة للشيخ الألباني، الأذان والصلاة-6 | H48: صوتي | I48: 2022-05-15 | J48: فتح في تليجرام
A49: 48 | B49: شروح السنة | C49: شرح السلسلة الصحيحة (كاملة) | D49: الأدب والاستئذان | E49: 1 | F49: الوصايا الثلاث والمناهي الثلاث | H49: صوتي | I49: 2021-12-12 | J49: فتح في تليجرام
A50: 49 | B50: شروح السنة | C50: شرح السلسلة الصحيحة (كاملة) | D50: الأدب والاستئذان | E50: 2 | F50: وصايا النبي الجامعة لجابر بن سليم الأعرابي | H50: صوتي | I50: 2021-12-13 | J50: فتح في تليجرام
A51: 50 | B51: شروح السنة | C51: شرح السلسلة الصحيحة (كاملة) | D51: الأدب والاستئذان | E51: 4 | F51: الأدب والاستئذان - الدرس 4 | H51: صوتي | I51: 2021-12-15 | J51: فتح في تليجرام
A52: 51 | B52: شروح السنة | C52: شرح السلسلة الصحيحة (كاملة) | D52: الأدب والاستئذان | E52: 5 | F52: اخذنا فألك من فيك | G52: احب للناس ما تحب لنفسك | H52: صوتي | I52: 2021-12-16 | J52: فتح في تليجرام
A53: 52 | B53: شروح السنة | C53: شرح السلسلة الصحيحة (كاملة) | D53: الأدب والاستئذان | E53: 6 | F53: ثمانية آداب من آداب الاستئذان | H53: صوتي | I53: 2021-12-17 | J53: فتح في تليجرام
A54: 53 | B54: شروح السنة | C54: شرح السلسلة الصحيحة (كاملة) | D54: الأدب والاستئذان | E54: 7 | F54: اخنع اسم عند الله يوم القيامة | H54: صوتي | I54: 2021-12-18 | J54: فتح في تليجرام
A55: 54 | B55: شروح السنة | C55: شرح السلسلة الصحيحة (كاملة) | D55: الأدب والاستئذان | E55: 8 | F55: اذا ابردتم الي بريدا فابعثوه حسن الوجه حسن الاسم | H55: صوتي | I55: 2021-12-19 | J55: فتح في تليجرام
A56: 55 | B56: شروح السنة | C56: شرح السلسلة الصحيحة (كاملة) | D56: الأدب والاستئذان | E56: 9 | F56: «إِذَا أَتَى الرَّجُلُ الْقَومَ فَقَالُوا: مَرْحَباً، فَمَرْحَباً بِهِ يَوْمَ يَلْقَى رَبَّهُ وَإِذَا أَتَى الرَّجُلُ الْقَوْمَ فَقَالُوا لَهُ: قَحْطاً فَقَحْطاً لَهُ يَوْمَ الْقِيَامَةِ» | H56: صوتي | I56: 2021-12-20 | J56: فتح في تليجرام
A57: 56 | B57: شروح السنة | C57: شرح السلسلة الصحيحة (كاملة) | D57: الأدب والاستئذان | E57: 10 | F57: «إِذَا أَتَاكم كريم قوم فأكرموه» | H57: صوتي | I57: 2021-12-21 | J57: فتح في تليجرام
A58: 57 | B58: شروح السنة | C58: شرح السلسلة الصحيحة (كاملة) | D58: الأدب والاستئذان | E58: 11 | F58: من أسباب إجابة الدعاء | G58: فوائد مهمة من قصة ابي موسى وعمر في الاستئذان | H58: صوتي | I58: 2021-12-22 | J58: فتح في تليجرام
A59: 58 | B59: شروح السنة | C59: شرح السلسلة الصحيحة (كاملة) | D59: الأدب والاستئذان | E59: 12 | F59: من آداب المجالس | H59: صوتي | I59: 2021-12-23 | J59: فتح في تليجرام
A60: 59 | B60: شروح السنة | C60: شرح السلسلة الصحيحة (كاملة) | D60: الأدب والاستئذان | E60: 13 | F60: من آداب المسجد | G60: آداب الرؤى | H60: صوتي | I60: 2021-12-24 | J60: فتح في تليجرام
A61: 60 | B61: شروح السنة | C61: شرح السلسلة الصحيحة (كاملة) | D61: الأدب والاستئذان | E61: 14 | F61: من آداب الزيارة والاستئذان | H61: صوتي | I61: 2021-12-25 | J61: فتح في تليجرام
A62: 61 | B62: شروح السنة | C62: شرح السلسلة الصحيحة (كاملة) | D62: الأدب والاستئذان | E62: 15 | F62: آداب الليل في البيت | G62: آداب الضرب • آداب العطس | H62: صوتي | I62: 2021-12-26 | J62: فتح في تليجرام
A63: 62 | B63: شروح السنة | C63: شرح السلسلة الصحيحة (كاملة) | D63: الأدب والاستئذان | E63: 16 | F63: جملة من آداب العطس-البيوت | H63: صوتي | I63: 2021-12-27 | J63: فتح في تليجرام
A64: 63 | B64: شروح السنة | C64: شرح السلسلة الصحيحة (كاملة) | D64: الأدب والاستئذان | E64: 17 | F64: جملة من آداب النوم والسلام | H64: صوتي | I64: 2021-12-28 | J64: فتح في تليجرام
A65: 64 | B65: شروح السنة | C65: شرح السلسلة الصحيحة (كاملة) | D65: الأدب والاستئذان | E65: 18 | F65: السلام على أهل الكتاب | H65: صوتي | I65: 2021-12-29 | J65: فتح في تليجرام
A66: 65 | B66: شروح السنة | C66: شرح السلسلة الصحيحة (كاملة) | D66: الأدب والاستئذان | E66: 19 | F66: استعينوا على إنجاح الحوائج بالكتمان | G66: قصة امامة بنت حمزة رضي الله عنه | H66: صوتي | I66: 2021-12-30 | J66: فتح في تليجرام
A67: 66 | B67: شروح السنة | C67: شرح السلسلة الصحيحة (كاملة) | D67: الأدب والاستئذان | E67: 20 | F67: الشفاعة الحسنة | H67: صوتي | I67: 2021-12-31 | J67: فتح في تليجرام
A68: 67 | B68: شروح السنة | C68: شرح السلسلة الصحيحة (كاملة) | D68: الأدب والاستئذان | E68: 21 | F68: قصة سلمان الفارسي-1 | H68: صوتي | I68: 2021-12-31 | J68: فتح في تليجرام
A69: 68 | B69: شروح السنة | C69: شرح السلسلة الصحيحة (كاملة) | D69: الأدب والاستئذان | E69: 22 | F69: قصة سلمان الفارسي-2 | H69: صوتي | I69: 2022-01-01 | J69: فتح في تليجرام
A70: 69 | B70: شروح السنة | C70: شرح السلسلة الصحيحة (كاملة) | D70: الأدب والاستئذان | E70: 23 | F70: قصة سلمان الفارسي-3 | H70: صوتي | I70: 2022-01-04 | J70: فتح في تليجرام
A71: 70 | B71: شروح السنة | C71: شرح السلسلة الصحيحة (كاملة) | D71: الأدب والاستئذان | E71: 24 | F71: قصة سلمان الفارسي-4 | H71: صوتي | I71: 2022-01-05 | J71: فتح في تليجرام
A72: 71 | B72: شروح السنة | C72: شرح السلسلة الصحيحة (كاملة) | D72: الأدب والاستئذان | E72: 25 | F72: قتل الحيات والكلاب | H72: صوتي | I72: 2022-01-07 | J72: فتح في تليجرام
A73: 72 | B73: شروح السنة | C73: شرح السلسلة الصحيحة (كاملة) | D73: الأدب والاستئذان | E73: 26 | F73: خير الناس منزلة وشرهم | H73: صوتي | I73: 2022-01-08 | J73: فتح في تليجرام
A74: 73 | B74: شروح السنة | C74: شرح السلسلة الصحيحة (كاملة) | D74: الأدب والاستئذان | E74: 27 | F74: رجال أهل الجنة ونساء أهل الجنة | H74: صوتي | I74: 2022-01-09 | J74: فتح في تليجرام
A75: 74 | B75: شروح السنة | C75: شرح السلسلة الصحيحة (كاملة) | D75: الأدب والاستئذان | E75: 28 | F75: كفارة سب احد المسلمين | H75: صوتي | I75: 2022-01-10 | J75: فتح في تليجرام
A76: 75 | B76: شروح السنة | C76: شرح السلسلة الصحيحة (كاملة) | D76: الأدب والاستئذان | E76: 29 | F76: وصية النبي الجامعة لعقبة بن عامر رضي الله عنه | H76: صوتي | I76: 2022-01-11 | J76: فتح في تليجرام
A77: 76 | B77: شروح السنة | C77: شرح السلسلة الصحيحة (كاملة) | D77: الأدب والاستئذان | E77: 30 | F77: وصية النبي الجامعة لأسود بن أصرم المحاربي رضي الله عنه | H77: صوتي | I77: 2022-01-12 | J77: فتح في تليجرام
A78: 77 | B78: شروح السنة | C78: شرح السلسلة الصحيحة (كاملة) | D78: الأدب والاستئذان | E78: 31 | F78: من آداب الطريق | H78: صوتي | I78: 2022-01-13 | J78: فتح في تليجرام
... A144: 143 | B144: شروح السنة | C144: شرح السلسلة الصحيحة (كاملة) | D144: الأدب والاستئذان | E144: 100 | F144: حديث "يبصر أحدكم القذاة في عين أخيه وينسى الجذع أو الجذل في عينه معترضا" | H144: صوتي | I144: 2022-03-26 | J144: فتح في تليجرام
A145: 144 | B145: شروح السنة | C145: شرح السلسلة الصحيحة (كاملة) | D145: الأدب والاستئذان | E145: 101 | F145: حديث "يَخرجُ عُنقٌ من النَّارِ يومَ القِيامةِ له عينانِ تُبصِرانِ ، وأُذُنانِ تَسْمَعانِ ، ولِسانٌ يَنطِقُ ، يقولُ : إنِّي وُكِلْتُ بثلاثةٍ : بِمن جعل مع اللهِ إلهًا آخرَ ، وبكلِّ جَبَّارٍ عنِيدٍ ، وبِالمُصوِّرِينَ" | G145: تفصيل أحكام التصوير | H145: صوتي | I145: 2022-03-27 | J145: فتح في تليجرام
A146: 145 | B146: شروح السنة | C146: شرح السلسلة الصحيحة (كاملة) | D146: الأدب والاستئذان | E146: 102 | F146: آداب السلام | H146: صوتي | I146: 2022-03-28 | J146: فتح في تليجرام
A147: 146 | B147: شروح السنة | C147: شرح السلسلة الصحيحة (كاملة) | D147: الأدب والاستئذان | E147: 103 | F147: "يَضْحَكُ اللَّهُ لِرَجُلَيْنِ يَقْتُلُ أحَدُهُما الآخَرَ كِلاهُما يَدْخُلُ الجَنَّةَ، قالوا: كيفَ يا رَسولَ اللهِ؟ قالَ: يُقْتَلُ هذا فَيَلِجُ الجَنَّةَ، ثُمَّ يَتُوبُ اللَّهُ علَى الآخَرِ، فَيَهْدِيهِ إلى الإسْلامِ، ثُمَّ يُجاهِدُ في سَبيلِ اللهِ، فيُسْتَشْهَدُ" | H147: صوتي | I147: 2022-03-31 | J147: فتح في تليجرام
A148: 147 | B148: شروح السنة | C148: شرح السلسلة الصحيحة (كاملة) | D148: التوبة والرقائق | F148: التوبة والرقائق (2021-12-28) | H148: صوتي | I148: 2021-12-28 | J148: فتح في تليجرام
A149: 148 | B149: شروح السنة | C149: شرح السلسلة الصحيحة (كاملة) | D149: التوبة والرقائق | F149: كتاب الرقاق | H149: صوتي | I149: 2022-01-24 | J149: فتح في تليجرام
A150: 149 | B150: شروح السنة | C150: شرح السلسلة الصحيحة (كاملة) | D150: التوبة والرقائق | F150: التوبة والرقائق (2022-02-21) | H150: صوتي | I150: 2022-02-21 | J150: فتح في تليجرام
A151: 150 | B151: شروح السنة | C151: شرح السلسلة الصحيحة (كاملة) | D151: التوبة والرقائق | E151: 10 | F151: التوبة والرقائق - الدرس 10 | H151: صوتي | I151: 2022-03-31 | J151: فتح في تليجرام
A152: 151 | B152: شروح السنة | C152: شرح السلسلة الصحيحة (كاملة) | D152: التوبة والرقائق | E152: 11 | F152: التوبة والرقائق - الدرس 11 | H152: صوتي | I152: 2022-03-31 | J152: فتح في تليجرام
A153: 152 | B153: شروح السنة | C153: شرح السلسلة الصحيحة (كاملة) | D153: التوبة والرقائق | E153: 12 | F153: التوبة والرقائق - الدرس 12 | H153: صوتي | I153: 2022-04-01 | J153: فتح في تليجرام
A154: 153 | B154: شروح السنة | C154: شرح السلسلة الصحيحة (كاملة) | D154: التوبة والرقائق | E154: 13 | F154: التوبة والرقائق - الدرس 13 | H154: صوتي | I154: 2022-04-08 | J154: فتح في تليجرام
A155: 154 | B155: شروح السنة | C155: شرح السلسلة الصحيحة (كاملة) | D155: التوبة والرقائق | E155: 14 | F155: التوبة والرقائق - الدرس 14 | H155: صوتي | I155: 2022-04-09 | J155: فتح في تليجرام
A156: 155 | B156: شروح السنة | C156: شرح السلسلة الصحيحة (كاملة) | D156: التوبة والرقائق | E156: 15 | F156: التوبة والرقائق - الدرس 15 | H156: صوتي | I156: 2022-04-10 | J156: فتح في تليجرام
A157: 156 | B157: شروح السنة | C157: شرح السلسلة الصحيحة (كاملة) | D157: التوبة والرقائق | E157: 16 | F157: التوبة والرقائق - الدرس 16 | H157: صوتي | I157: 2022-04-11 | J157: فتح في تليجرام
A158: 157 | B158: شروح السنة | C158: شرح السلسلة الصحيحة (كاملة) | D158: التوبة والرقائق | E158: 17 | F158: التوبة والرقائق - الدرس 17 | H158: صوتي | I158: 2022-04-12 | J158: فتح في تليجرام
A159: 158 | B159: شروح السنة | C159: شرح السلسلة الصحيحة (كاملة) | D159: التوبة والرقائق | E159: 18 | F159: التوبة والرقائق - الدرس 18 | H159: صوتي | I159: 2022-04-13 | J159: فتح في تليجرام
A160: 159 | B160: شروح السنة | C160: شرح السلسلة الصحيحة (كاملة) | D160: التوبة والرقائق | E160: 19 | F160: (حديث ابن عباس.. أحدهم دخل جحر ضب) | H160: صوتي | I160: 2022-04-14 | J160: فتح في تليجرام
A161: 160 | B161: شروح السنة | C161: شرح السلسلة الصحيحة (كاملة) | D161: التوبة والرقائق | E161: 20 | F161: (حديث الكندي.. توبة الرجل الذي تجلل المرأة في طريقها للصلاة) | H161: صوتي | I161: 2022-04-15 | J161: فتح في تليجرام
A162: 161 | B162: شروح السنة | C162: شرح السلسلة الصحيحة (كاملة) | D162: التوبة والرقائق | E162: 21 | F162: التوبة والرقائق - الدرس 21 | H162: صوتي | I162: 2022-04-16 | J162: فتح في تليجرام
... A189: 188 | B189: شروح السنة | C189: شرح السلسلة الصحيحة (كاملة) | D189: الصيام والقيام | E189: 11 | F189: الصيام والقيام - الدرس 11 | H189: صوتي | I189: 2022-04-07 | J189: فتح في تليجرام
A190: 189 | B190: شروح السنة | C190: شرح السلسلة الصحيحة (كاملة) | D190: الأطعمة والأشربة | E190: 1 | F190: من أحكام الخمر | G190: كتاب الأطعمة والأشربة.-1 | H190: صوتي | I190: 2022-05-09 | J190: فتح في تليجرام
A191: 190 | B191: شروح السنة | C191: شرح السلسلة الصحيحة (كاملة) | D191: الأطعمة والأشربة | E191: 2 | F191: الأطعمة والأشربة - الدرس 2 | G191: كتاب الأطعمة والأشربة.-2 | H191: صوتي | I191: 2022-05-10 | J191: فتح في تليجرام
...

Sheet العقيدة
A1: م | B1: التصنيف | C1: السلسلة | D1: الكتاب / الباب | E1: رقم الدرس | F1: عنوان الدرس | G1: الموضوعات | H1: النوع | I1: التاريخ | J1: الرابط
A2: 1 | B2: العقيدة | C2: شرح أصول الإيمان | F2: شرح أصول الإيمان | H2: صوتي | I2: 2022-06-11 | J2: فتح في تليجرام
A3: 2 | B3: العقيدة | C3: شرح العقيدة الواسطية | E3: 2 | F3: المقدمه درس 2 | H3: صوتي | I3: 2022-02-10 | J3: فتح في تليجرام
A4: 3 | B4: العقيدة | C4: شرح العقيدة الواسطية | E4: 3 | F4: شرح العقيدة الواسطية - الدرس 3 | H4: صوتي | I4: 2022-03-16 | J4: فتح في تليجرام
A5: 4 | B5: العقيدة | C5: شرح العقيدة الواسطية | E5: 4 | F5: شرح العقيدة الواسطية - الدرس 4 | H5: صوتي | I5: 2022-03-16 | J5: فتح في تليجرام
A6: 5 | B6: العقيدة | C6: شرح العقيدة الواسطية | E6: 5 | F6: شرح العقيدة الواسطية - الدرس 5 | H6: صوتي | I6: 2022-03-17 | J6: فتح في تليجرام
A7: 6 | B7: العقيدة | C7: شرح العقيدة الواسطية | E7: 6 | F7: الإيمان بالرسل والايمان بالبعث واليوم الآخر 6 | H7: صوتي | I7: 2022-05-21 | J7: فتح في تليجرام
A8: 7 | B8: العقيدة | C8: شرح العقيدة الواسطية | E8: 7 | F8: الإيمان بالاسماء و الصفات 7 | H8: صوتي | I8: 2022-05-21 | J8: فتح في تليجرام
A9: 8 | B9: العقيدة | C9: شرح العقيدة الواسطية | E9: 8 | F9: 8 الإيمان بالاسماء والصفات.-شروط التأويل الصحيح | H9: صوتي | I9: 2022-05-22 | J9: فتح في تليجرام
A10: 9 | B10: العقيدة | C10: شرح العقيدة الواسطية | E10: 9 | F10: 9 - تابع قواعد الإيمان بالاسماء والصفات | H10: صوتي | I10: 2022-05-22 | J10: فتح في تليجرام
A11: 10 | B11: العقيدة | C11: شرح العقيدة الواسطية | E11: 10 | F11: 10 تابع قواعد الإيمان بالاسماء والصفات-إثبات الأسماء والصفات من القرآن الكريم | H11: صوتي | I11: 2022-05-22 | J11: فتح في تليجرام
A12: 11 | B12: العقيدة | C12: شرح العقيدة الواسطية | E12: 11 | F12: تابع قواعد الإيمان بالاسماء والصفات-تابع إثبات الأسماء والصفات من القرآن الكريم.درس 11، آية الكرسي | H12: صوتي | I12: 2022-09-24 | J12: فتح في تليجرام
A13: 12 | B13: العقيدة | C13: شرح العقيدة الواسطية | E13: 12 | F13: تابع قواعد الإيمان بالاسماء والصفات-تابع إثبات الأسماء والصفات من القرآن الكريم.درس 12، الأسماء الأربعة (الأول، الآخر، الظاهر، الباطن) | H13: صوتي | I13: 2022-09-25 | J13: فتح في تليجرام
A14: 13 | B14: العقيدة | C14: شرح العقيدة الواسطية | E14: 13 | F14: تابع قواعد الإيمان بالاسماء والصفات-تابع إثبات الأسماء والصفات من القرآن الكريم.درس 13، تابع الأسماء الأربعة (الأول، الآخر، الظاهر، الباطن) | H14: صوتي | I14: 2022-10-08 | J14: فتح في تليجرام
... A24: 23 | B24: العقيدة | C24: شرح العقيدة الواسطية | E24: 23 | F24: تابع قواعد الإيمان بالاسماء والصفات-تابع إثبات الأسماء والصفات من القرآن الكريم.درس 23، الصفات (صفة الكلام ) | H24: صوتي | I24: 2022-12-20 | J24: فتح في تليجرام
A25: 24 | B25: العقيدة | C25: شرح العقيدة الواسطية | E25: 24 | F25: تابع قواعد الإيمان بالاسماء والصفات-تابع إثبات الأسماء والصفات من القرآن الكريم.درس 24، الصفات (صفة رؤية المؤمنين ربهم- ملخص أصول الإيمان في الأسماء والصفات) | G25: الاستدلال على الأسماء والصفات من السنة (حجية السنة واخبار الآحاد في الاعتقاد - صفة النزول- صفة الفرح- صفة الضحك-صفة العجب - صفة الرجل والقدم- صفة النداء والصوت). | H25: صوتي | I25: 2022-12-20 | J25: فتح في تليجرام
A26: 25 | B26: العقيدة | C26: شرح العقيدة الواسطية | E26: 25 | F26: درس 25، الاستدلال على الأسماء والصفات من السنة (صفة العلو والفوقية) | H26: صوتي | I26: 2023-01-17 | J26: فتح في تليجرام
A27: 26 | B27: العقيدة | C27: شرح العقيدة الواسطية | E27: 26 | F27: درس 26، الاستدلال على الأسماء والصفات من السنة (صفة المعية) | H27: صوتي | I27: 2023-01-20 | J27: فتح في تليجرام
A28: 27 | B28: العقيدة | C28: شرح العقيدة الواسطية | E28: 27 | F28: درس 27، أهل السنة وسط بين الفرق | H28: صوتي | I28: 2023-01-25 | J28: فتح في تليجرام
A29: 28 | B29: العقيدة | C29: شرح العقيدة الواسطية | E29: 28 | F29: درس 28، أهل السنة وسط بين الفرق (الجبرية، القدرية)، (الوعيدية والمرجئة) | H29: صوتي | I29: 2023-02-27 | J29: فتح في تليجرام
A30: 29 | B30: العقيدة | C30: شرح العقيدة الواسطية | E30: 29 | F30: درس 29، أهل السنة وسط بين الفرق (الوعيدية والمرجئة)، (الرافضة و الخوارج)، الإيمان باليوم الآخر | H30: صوتي | I30: 2023-02-28 | J30: فتح في تليجرام
A31: 30 | B31: العقيدة | C31: شرح العقيدة الواسطية | E31: 30 | F31: درس 30، تابع الإيمان باليوم الآخر | H31: صوتي | I31: 2023-03-03 | J31: فتح في تليجرام
A32: 31 | B32: العقيدة | C32: شرح العقيدة الواسطية | E32: 31 | F32: درس 31، مسائل إلايمان والكفر | H32: صوتي | I32: 2023-03-18 | J32: فتح في تليجرام
A33: 32 | B33: العقيدة | C33: شرح العقيدة الواسطية | E33: 32 | F33: درس 32، العقيدة فى الصحابة وال البيت، المعجزات والكرامات، أصول منهج أهل السنة والجماعة وخصالهم | H33: صوتي | I33: 2023-03-20 | J33: فتح في تليجرام
A34: 33 | B34: العقيدة | C34: شرح لمعة الاعتقاد لابن قدامة | E34: 1 | F34: شرح لمعة الاعتقاد لابن قدامة - الدرس 1 | H34: صوتي | I34: 2023-01-27 | J34: فتح في تليجرام
A35: 34 | B35: العقيدة | C35: شرح لمعة الاعتقاد لابن قدامة | E35: 1 | F35: 1 ج2 | H35: صوتي | I35: 2023-01-29 | J35: فتح في تليجرام
A36: 35 | B36: العقيدة | C36: شرح لمعة الاعتقاد لابن قدامة | E36: 2 | F36: شرح لمعة الاعتقاد لابن قدامة - الدرس 2 | H36: صوتي | I36: 2023-01-29 | J36: فتح في تليجرام
A37: 36 | B37: العقيدة | C37: شرح لمعة الاعتقاد لابن قدامة | E37: 2 | F37: شرح لمعة الاعتقاد لابن قدامة 2 ج2 | H37: صوتي | I37: 2023-01-29 | J37: فتح في تليجرام
A38: 37 | B38: العقيدة | C38: شرح لمعة الاعتقاد لابن قدامة | E38: 3 | F38: شرح لمعة الاعتقاد لابن قدامة - الدرس 3 | H38: صوتي | I38: 2023-01-30 | J38: فتح في تليجرام
A39: 38 | B39: العقيدة | C39: شرح اعتقاد أهل السنة | F39: مراجعة عقيدة شرح المنة-الإيمان بالله.-حل الاختبار | H39: صوتي | I39: 2022-08-03 | J39: فتح في تليجرام
A40: 39 | B40: العقيدة | C40: شرح اعتقاد أهل السنة | F40: عقيدة شرح المنة | G40: الإيمان بالملائكة-الايمان بالكتب | H40: صوتي | I40: 2022-08-18 | J40: فتح في تليجرام
A41: 40 | B41: العقيدة | C41: شرح اعتقاد أهل السنة | E41: 1 | F41: عقيدة- شرح المنة - القضاء والقدر - 1 | H41: صوتي | I41: 2022-09-23 | J41: فتح في تليجرام
A42: 41 | B42: العقيدة | C42: شرح اعتقاد أهل السنة | E42: 2 | F42: عقيدة- شرح المنة - القضاء والقدر - 2 | H42: صوتي | I42: 2022-10-05 | J42: فتح في تليجرام
A43: 42 | B43: العقيدة | C43: شرح اعتقاد أهل السنة | E43: 3 | F43: القضاء والقدر - 3 | H43: صوتي | I43: 2022-10-07 | J43: فتح في تليجرام
A44: 43 | B44: العقيدة | C44: شرح اعتقاد أهل السنة | E44: 4 | F44: القضاء والقدر - 4 | H44: صوتي | I44: 2022-10-28 | J44: فتح في تليجرام
A45: 44 | B45: العقيدة | C45: شرح اعتقاد أهل السنة | E45: 5 | F45: القضاء والقدر - 5 | H45: صوتي | I45: 2022-11-02 | J45: فتح في تليجرام
A46: 45 | B46: العقيدة | C46: شرح اعتقاد أهل السنة | E46: 1 | F46: العقيدة فى الصحابة 1 | H46: صوتي | I46: 2022-11-07 | J46: فتح في تليجرام
A47: 46 | B47: العقيدة | C47: شرح اعتقاد أهل السنة | E47: 2 | F47: العقيدة فى الصحابة 2 | H47: صوتي | I47: 2022-11-18 | J47: فتح في تليجرام
A48: 47 | B48: العقيدة | C48: شرح اعتقاد أهل السنة | E48: 3 | F48: العقيدة فى الصحابة 3 | H48: صوتي | I48: 2022-11-25 | J48: فتح في تليجرام
A49: 48 | B49: العقيدة | C49: شرح العقيدة الميسرة للنساء (متجدد) | E49: 1 | F49: شرح العقيدة للنساء - المنة -1 | G49: الأسماء والصفات - 1 | H49: صوتي | I49: 2022-09-02 | J49: فتح في تليجرام
A50: 49 | B50: العقيدة | C50: شرح العقيدة الميسرة للنساء (متجدد) | E50: 2 | F50: شرح العقيدة للنساء - المنة -2 | G50: الأسماء والصفات - 2 | H50: صوتي | I50: 2022-09-18 | J50: فتح في تليجرام
A51: 50 | B51: العقيدة | C51: شرح العقيدة الميسرة للنساء (متجدد) | E51: 3 | F51: المنة -3 | G51: الأسماء والصفات -3 | H51: صوتي | I51: 2022-10-08 | J51: فتح في تليجرام
A52: 51 | B52: العقيدة | C52: شرح العقيدة الميسرة للنساء (متجدد) | E52: 4 | F52: شرح العقيدة للنساء - المنة -4 | G52: الأسماء والصفات -4 | H52: صوتي | I52: 2022-10-22 | J52: فتح في تليجرام
A53: 52 | B53: العقيدة | C53: شرح العقيدة الميسرة للنساء (متجدد) | E53: 5 | F53: شرح العقيدة للنساء - المنة -5 | G53: الأسماء والصفات -5 | H53: صوتي | I53: 2022-11-05 | J53: فتح في تليجرام
A54: 53 | B54: العقيدة | C54: شرح العقيدة الميسرة للنساء (متجدد) | E54: 6 | F54: شرح العقيدة للنساء - المنة -6 | G54: الأسماء والصفات -6 | H54: صوتي | I54: 2022-11-19 | J54: فتح في تليجرام
A55: 54 | B55: العقيدة | C55: شرح العقيدة الميسرة للنساء (متجدد) | E55: 7 | F55: شرح العقيدة للنساء - المنة -7 | G55: الأسماء والصفات -7 | H55: صوتي | I55: 2022-12-03 | J55: فتح في تليجرام
A56: 55 | B56: العقيدة | C56: شرح العقيدة الميسرة للنساء (متجدد) | E56: 8 | F56: شرح العقيدة للنساء - المنة -8 | G56: الأسماء والصفات -8 (تابع التأويل). | H56: صوتي | I56: 2022-12-17 | J56: فتح في تليجرام
A57: 56 | B57: العقيدة | C57: شرح العقيدة الميسرة للنساء (متجدد) | E57: 9 | F57: شرح العقيدة للنساء - المنة -9 | G57: الأسماء والصفات -9 "التحريف" وأثره في إفساد العقيدة والعبادة. | H57: صوتي | I57: 2022-12-31 | J57: فتح في تليجرام
A58: 57 | B58: العقيدة | C58: شرح كتاب التوحيد (فضل الغني الحميد) | E58: 1 | F58: مقدمة كتاب التوحيد | H58: صوتي | I58: 2022-07-16 | J58: فتح في تليجرام
A59: 58 | B59: العقيدة | C59: شرح كتاب التوحيد (فضل الغني الحميد) | E59: 2 | F59: شرح كتاب التوحيد (فضل الغني الحميد) - الدرس 2 | H59: صوتي | I59: 2022-07-16 | J59: فتح في تليجرام
A60: 59 | B60: العقيدة | C60: شرح كتاب التوحيد (فضل الغني الحميد) | E60: 3 | F60: الحكمه الشرعيه من خلق الجن ولإنس | G60: الحكمه القدريه | H60: صوتي | I60: 2022-07-16 | J60: فتح في تليجرام
A61: 60 | B61: العقيدة | C61: شرح كتاب التوحيد (فضل الغني الحميد) | E61: 4 | F61: عباده حب الله | H61: صوتي | I61: 2022-07-16 | J61: فتح في تليجرام
A62: 61 | B62: العقيدة | C62: شرح كتاب التوحيد (فضل الغني الحميد) | E62: 5 | F62: عبادة الخوف من الله | H62: صوتي | I62: 2022-07-16 | J62: فتح في تليجرام
A63: 62 | B63: العقيدة | C63: شرح كتاب التوحيد (فضل الغني الحميد) | E63: 6 | F63: الإخلاص الرجاء التوكل | H63: صوتي | I63: 2022-07-16 | J63: فتح في تليجرام
A64: 63 | B64: العقيدة | C64: شرح كتاب التوحيد (فضل الغني الحميد) | E64: 7 | F64: عبادة الصبر | H64: صوتي | I64: 2022-07-16 | J64: فتح في تليجرام
A65: 64 | B65: العقيدة | C65: شرح كتاب التوحيد (فضل الغني الحميد) | E65: 8 | F65: عباده الحمد و الشكر | H65: صوتي | I65: 2022-07-16 | J65: فتح في تليجرام
A66: 65 | B66: العقيدة | C66: شرح كتاب التوحيد (فضل الغني الحميد) | E66: 9 | F66: العبادات القوليه | G66: الذكر الدعاء تلاوه القران التسميه | H66: صوتي | I66: 2022-07-16 | J66: فتح في تليجرام
A67: 66 | B67: العقيدة | C67: شرح كتاب التوحيد (فضل الغني الحميد) | E67: 10 | F67: تابع العبادات القوليه أحكام الذبح الإستعاذه الحلف العبادات البدنيه والعبادات الماليه النذر | H67: صوتي | I67: 2022-07-16 | J67: فتح في تليجرام
A68: 67 | B68: العقيدة | C68: شرح كتاب التوحيد (فضل الغني الحميد) | E68: 11 | F68: تابع العبادات القوليه | G68: تابع النذر وأنواعه | H68: صوتي | I68: 2022-07-16 | J68: فتح في تليجرام
A69: 68 | B69: العقيدة | C69: شرح كتاب التوحيد (فضل الغني الحميد) | E69: 12 | F69: فصل | G69: بيان الحكمة في إرسال الرسل | H69: صوتي | I69: 2022-07-16 | J69: فتح في تليجرام
A70: 69 | B70: العقيدة | C70: شرح كتاب التوحيد (فضل الغني الحميد) | E70: 13 | F70: فصل وقضى ربك ألا تعبدوا إلا إياه و بالوالدين إحسانا | G70: فصل قل تعالوا اتل ما حرم ربكم عليكم • باب فضل التوحيد وما يكفر الذنوب | H70: صوتي | I70: 2022-07-16 | J70: فتح في تليجرام
A71: 70 | B71: العقيدة | C71: شرح كتاب التوحيد (فضل الغني الحميد) | E71: 14 | F71: باب (من حقق التوحيد دخل الجنة بغير حساب) | H71: صوتي | I71: 2022-07-16 | J71: فتح في تليجرام
A72: 71 | B72: العقيدة | C72: شرح كتاب التوحيد (فضل الغني الحميد) | E72: 15 | F72: شروط لا إله إلا الله حتى تنفع صاحبها يوم القيامه ( الانقياد - الصدق - الإخلاص - المحبة ) | H72: صوتي | I72: 2022-07-16 | J72: فتح في تليجرام
A73: 72 | B73: العقيدة | C73: شرح كتاب التوحيد (فضل الغني الحميد) | E73: 16 | F73: تنبيهات هامة في شروط لا إله إلا الله | G73: حديث السبعون ألفا الذين يدخلون الجنة بغير حساب | H73: صوتي | I73: 2022-07-16 | J73: فتح في تليجرام
A74: 73 | B74: العقيدة | C74: شرح كتاب التوحيد (فضل الغني الحميد) | E74: 17 | F74: حكم الرقى | H74: صوتي | I74: 2022-07-16 | J74: فتح في تليجرام
A75: 74 | B75: العقيدة | C75: شرح كتاب التوحيد (فضل الغني الحميد) | E75: 18 | F75: تابع حكم الرقى | H75: صوتي | I75: 2022-07-16 | J75: فتح في تليجرام
A76: 75 | B76: العقيدة | C76: شرح كتاب التوحيد (فضل الغني الحميد) | E76: 19 | F76: باب الخوف من الشرك | H76: صوتي | I76: 2022-07-16 | J76: فتح في تليجرام
A77: 76 | B77: العقيدة | C77: دروس وأسئلة في العقيدة | E77: 1 | F77: شرح توحيد الألوهية 1 | H77: صوتي | I77: 2021-11-12 | J77: فتح في تليجرام
A78: 77 | B78: العقيدة | C78: دروس وأسئلة في العقيدة | E78: 1 | F78: شرح توحيد الألوهية 1 - تكمله | H78: صوتي | I78: 2021-11-12 | J78: فتح في تليجرام
A79: 78 | B79: العقيدة | C79: دروس وأسئلة في العقيدة | F79: مظاهر الشرك في الألوهية ( الشرك في الدعاء) | H79: صوتي | I79: 2021-11-20 | J79: فتح في تليجرام
A80: 79 | B80: العقيدة | C80: دروس وأسئلة في العقيدة | F80: مظاهر الشرك في الألوهية (الذبح لغير الله) | H80: صوتي | I80: 2021-11-24 | J80: فتح في تليجرام
A81: 80 | B81: العقيدة | C81: دروس وأسئلة في العقيدة | F81: مظاهر الشرك في الألوهية. الذبح-النذر-الحلف | H81: صوتي | I81: 2021-11-26 | J81: فتح في تليجرام
A82: 81 | B82: العقيدة | C82: دروس وأسئلة في العقيدة | F82: الشرك في الألوهية - اتخاذ القبور مساجد | H82: صوتي | I82: 2021-12-03 | J82: فتح في تليجرام
A83: 82 | B83: العقيدة | C83: دروس وأسئلة في العقيدة | F83: الشرك في الألوهية - الشرك الاصغز-التنجيم والكهانة | H83: صوتي | I83: 2021-12-06 | J83: فتح في تليجرام
A84: 83 | B84: العقيدة | C84: دروس وأسئلة في العقيدة | E84: 1 | F84: الألوهية التوسل 1 | H84: صوتي | I84: 2021-12-10 | J84: فتح في تليجرام
A85: 84 | B85: العقيدة | C85: دروس وأسئلة في العقيدة | E85: 2 | F85: توحيد الألوهية التوسل 2 | H85: صوتي | I85: 2021-12-13 | J85: فتح في تليجرام
A86: 85 | B86: العقيدة | C86: دروس وأسئلة في العقيدة | F86: مراجعة الولاء و البراء | H86: صوتي | I86: 2022-07-22 | J86: فتح في تليجرام
A87: 86 | B87: العقيدة | C87: دروس وأسئلة في العقيدة | E87: 1 | F87: عقيدة - شرح منة الرحمن. شرح الإيمان بالرسل-1 | H87: صوتي | I87: 2022-08-22 | J87: فتح في تليجرام
A88: 87 | B88: العقيدة | C88: دروس وأسئلة في العقيدة | E88: 2 | F88: عقيدة - شرح منة الرحمن - الإيمان بالرسل - 2 | H88: صوتي | I88: 2022-08-25 | J88: فتح في تليجرام
A89: 88 | B89: العقيدة | C89: دروس وأسئلة في العقيدة | F89: جواب سؤال ما ورد عن السلف في الايمان بالاسماء والصفات | H89: صوتي | I89: 2022-08-25 | J89: فتح في تليجرام
A90: 89 | B90: العقيدة | C90: دروس وأسئلة في العقيدة | F90: جواب حول مسألة (أن الله خلق آدم على صورته) | H90: صوتي | I90: 2022-08-27 | J90: فتح في تليجرام
A91: 90 | B91: العقيدة | C91: دروس وأسئلة في العقيدة | F91: عقيدة - شرح منة الرحمن - الإيمان باليوم الآخر | H91: صوتي | I91: 2022-08-29 | J91: فتح في تليجرام
A92: 91 | B92: العقيدة | C92: دروس وأسئلة في العقيدة | F92: جواب شبهة الصلاة في مسجد النبي مع وجود القبر | H92: صوتي | I92: 2022-12-10 | J92: فتح في تليجرام
A93: 92 | B93: العقيدة | C93: دروس وأسئلة في العقيدة | E93: 4 | F93: غزوة خيبر-4 | G93: عقيدة اليهود في معاركم | H93: صوتي | I93: 2023-10-27 | J93: فتح في تليجرام
A94: 93 | B94: العقيدة | C94: دروس وأسئلة في العقيدة | F94: من موارد الخلل في قتال الطائفة الممتنعة، تارك جنس العمل | H94: صوتي | I94: 2024-01-01 | J94: فتح في تليجرام
A95: 94 | B95: العقيدة | C95: دروس وأسئلة في العقيدة | F95: أسئلة العقيدة | H95: صوتي | I95: 2024-01-16 | J95: فتح في تليجرام
A96: 95 | B96: العقيدة | C96: دروس وأسئلة في العقيدة | F96: أسئلة وفتاوي العقيدة | H96: صوتي | I96: 2025-01-30 | J96: فتح في تليجرام
A97: 96 | B97: العقيدة | C97: دروس وأسئلة في العقيدة | F97: أثر الإيمان بالربوبية والالوهية في حياة العبد | H97: صوتي | I97: 2026-07-06 | J97: فتح في تليجرام

Sheet الفقه
A1: م | B1: التصنيف | C1: السلسلة | D1: الكتاب / الباب | E1: رقم الدرس | F1: عنوان الدرس | G1: الموضوعات | H1: النوع | I1: التاريخ | J1: الرابط
A2: 1 | B2: الفقه | C2: شرح الفقه الميسر | D2: الطهارة | E2: 1 | F2: الطهارة - الدرس 1 | H2: صوتي | I2: 2022-08-27 | J2: فتح في تليجرام
A3: 2 | B3: الفقه | C3: شرح الفقه الميسر | D3: الطهارة | E3: 2 | F3: الطهارة - الدرس 2 | H3: صوتي | I3: 2022-09-09 | J3: فتح في تليجرام
A4: 3 | B4: الفقه | C4: شرح الفقه الميسر | D4: الطهارة | E4: 3 | F4: كتاب الطهارة -3 (باب الآنية) | H4: صوتي | I4: 2022-09-24 | J4: فتح في تليجرام
A5: 4 | B5: الفقه | C5: شرح الفقه الميسر | D5: الطهارة | E5: 4 | F5: كتاب الطهارة -4 (باب قضاء الحاجة) | H5: صوتي | I5: 2022-10-15 | J5: فتح في تليجرام
A6: 5 | B6: الفقه | C6: شرح الفقه الميسر | D6: الطهارة | E6: 5 | F6: كتاب الطهارة -5 (باب سنن الفطرة) | H6: صوتي | I6: 2022-10-29 | J6: فتح في تليجرام
A7: 6 | B7: الفقه | C7: شرح الفقه الميسر | D7: الطهارة | E7: 6 | F7: كتاب الطهارة -6 (باب الوضوء) | H7: صوتي | I7: 2022-11-12 | J7: فتح في تليجرام
A8: 7 | B8: الفقه | C8: شرح الفقه الميسر | D8: الطهارة | E8: 7 | F8: كتاب الطهارة -7 (باب الوضوء) | H8: صوتي | I8: 2022-11-27 | J8: فتح في تليجرام
A9: 8 | B9: الفقه | C9: شرح الفقه الميسر | D9: الطهارة | E9: 8 | F9: كتاب الطهارة -8(باب المسح على الخفين ) | H9: صوتي | I9: 2022-12-10 | J9: فتح في تليجرام
A10: 9 | B10: الفقه | C10: شرح الفقه الميسر | D10: الطهارة | E10: 9 | F10: كتاب الطهارة -9( المسح على الجبيرة والعمامة والخمار) | H10: صوتي | I10: 2022-12-26 | J10: فتح في تليجرام
A11: 10 | B11: الفقه | C11: شرح الفقه الميسر | D11: الطهارة | E11: 10 | F11: كتاب الطهارة -10( احكام الغسل) | H11: صوتي | I11: 2023-01-14 | J11: فتح في تليجرام
A12: 11 | B12: الفقه | C12: شرح الفقه الميسر | D12: الطهارة | E12: 11 | F12: كتاب الطهارة -11( احكام الغسل) | H12: صوتي | I12: 2023-04-29 | J12: فتح في تليجرام
A13: 12 | B13: الفقه | C13: شرح الفقه الميسر | D13: الطهارة | E13: 12 | F13: كتاب الطهارة -12( احكام التيمم) | H13: صوتي | I13: 2023-06-03 | J13: فتح في تليجرام
... A26: 25 | B26: الفقه | C26: شرح الفقه الميسر | D26: الصيام | E26: 2 | F26: الصيام - الدرس 2 | H26: صوتي | I26: 2024-05-07 | J26: فتح في تليجرام
A27: 26 | B27: الفقه | C27: شرح الفقه الميسر | E27: 2 | F27: فقه الصيام - 2 | H27: صوتي | I27: 2023-02-25 | J27: فتح في تليجرام
A28: 27 | B28: الفقه | C28: شرح الفقه الميسر | E28: 3 | F28: فقه الصيام - 3 | H28: صوتي | I28: 2023-02-25 | J28: فتح في تليجرام
A29: 28 | B29: الفقه | C29: شرح الفقه الميسر | E29: 4 | F29: فقه الصيام - 4 | H29: صوتي | I29: 2023-03-05 | J29: فتح في تليجرام
A30: 29 | B30: الفقه | C30: شرح الفقه الميسر | E30: 5 | F30: فقه الصيام - 5 | H30: صوتي | I30: 2023-03-18 | J30: فتح في تليجرام
A31: 30 | B31: الفقه | C31: شرح الفقه الميسر | D31: الصلاة | E31: 21 | F31: فضل الصلاة ووجوبها | H31: صوتي | I31: 2023-11-04 | J31: فتح في تليجرام
A32: 31 | B32: الفقه | C32: شرح الفقه الميسر | D32: الصلاة | E32: 22 | F32: فضل الصلاة ووجوبها | H32: صوتي | I32: 2023-11-11 | J32: فتح في تليجرام
A33: 32 | B33: الفقه | C33: شرح الفقه الميسر | D33: الصلاة | E33: 23 | F33: مواقيت الصلاة | H33: صوتي | I33: 2023-11-18 | J33: فتح في تليجرام
A34: 33 | B34: الفقه | C34: شرح الفقه الميسر | D34: الصلاة | E34: 24 | F34: شروط صحة الصلاة | H34: صوتي | I34: 2023-11-25 | J34: فتح في تليجرام
A35: 34 | B35: الفقه | C35: شرح الفقه الميسر | D35: الصلاة | E35: 25 | F35: شروط صحة الصلاة-2 | H35: صوتي | I35: 2023-12-25 | J35: فتح في تليجرام
A36: 35 | B36: الفقه | C36: شرح الفقه الميسر | D36: الصلاة | E36: 26 | F36: أركان الصلاة-1 | H36: صوتي | I36: 2023-12-25 | J36: فتح في تليجرام
A37: 36 | B37: الفقه | C37: شرح الفقه الميسر | D37: الصلاة | E37: 27 | F37: واجبات الصلاة | H37: صوتي | I37: 2023-12-30 | J37: فتح في تليجرام
A38: 37 | B38: الفقه | C38: شرح الفقه الميسر | D38: الصلاة | E38: 28 | F38: مبطلات الصلاة | H38: صوتي | I38: 2024-01-13 | J38: فتح في تليجرام
A39: 38 | B39: الفقه | C39: شرح الفقه الميسر | D39: الصلاة | E39: 29 | F39: مكروهات الصلاة | H39: صوتي | I39: 2024-01-29 | J39: فتح في تليجرام
A40: 39 | B40: الفقه | C40: شرح الفقه الميسر | D40: الصلاة | E40: 30 | F40: حكم تارك الصلاة - صلاة التطوع | H40: صوتي | I40: 2024-02-04 | J40: فتح في تليجرام
A41: 40 | B41: الفقه | C41: شرح الفقه الميسر | D41: الصلاة | E41: 31 | F41: صلاة التطوع | H41: صوتي | I41: 2024-05-12 | J41: فتح في تليجرام
A42: 41 | B42: الفقه | C42: شرح الفقه الميسر | D42: الصلاة | E42: 32 | F42: سجود السهو | H42: صوتي | I42: 2024-07-21 | J42: فتح في تليجرام
A43: 42 | B43: الفقه | C43: شرح الفقه الميسر | D43: الصلاة | E43: 33 | F43: سجود الشكر وسجود التلاوة | G43: باب صلاة الجماعة - 1 | H43: صوتي | I43: 2024-07-21 | J43: فتح في تليجرام
A44: 43 | B44: الفقه | C44: شرح الفقه الميسر | D44: الصلاة | E44: 34 | F44: صلاة الجماعة-2 | H44: صوتي | I44: 2024-07-21 | J44: فتح في تليجرام
A45: 44 | B45: الفقه | C45: شرح الفقه الميسر | D45: الصلاة | E45: 35 | F45: صلاة الجماعة-3 | H45: صوتي | I45: 2024-07-21 | J45: فتح في تليجرام
A46: 45 | B46: الفقه | C46: شرح الفقه الميسر | D46: الصلاة | E46: 36 | F46: الإمامة-1 | H46: صوتي | I46: 2024-07-21 | J46: فتح في تليجرام
A47: 46 | B47: الفقه | C47: شرح الفقه الميسر | D47: الصلاة | E47: 37 | F47: الإمامة-2 | H47: صوتي | I47: 2024-09-23 | J47: فتح في تليجرام
A48: 47 | B48: الفقه | C48: شرح الفقه الميسر | D48: الصلاة | E48: 38 | F48: الإمامة-3 | H48: صوتي | I48: 2024-09-23 | J48: فتح في تليجرام
A49: 48 | B49: الفقه | C49: شرح الفقه الميسر | D49: الصلاة | E49: 39 | F49: الإمامة-4 - صلاة أصحاب الاعذار-1 | H49: صوتي | I49: 2024-09-23 | J49: فتح في تليجرام
A50: 49 | B50: الفقه | C50: شرح الفقه الميسر | D50: الصلاة | E50: 40 | F50: صلاة أصحاب الاعذار-2 | H50: صوتي | I50: 2024-09-23 | J50: فتح في تليجرام
A51: 50 | B51: الفقه | C51: شرح الفقه الميسر | D51: الصلاة | E51: 41 | F51: صلاة أصحاب الاعذار-3 | H51: صوتي | I51: 2024-09-23 | J51: فتح في تليجرام
A52: 51 | B52: الفقه | C52: شرح الفقه الميسر | D52: الصلاة | E52: 42 | F52: الجمع بين الصلاتين-الجمعة | H52: صوتي | I52: 2024-10-17 | J52: فتح في تليجرام
A53: 52 | B53: الفقه | C53: شرح الفقه الميسر | D53: الصلاة | E53: 43 | F53: تابع صلاة الجمعة-2 | H53: صوتي | I53: 2024-10-17 | J53: فتح في تليجرام
A54: 53 | B54: الفقه | C54: شرح الفقه الميسر | D54: الصلاة | E54: 44 | F54: تابع صلاة الجمعة-3 | H54: صوتي | I54: 2024-10-20 | J54: فتح في تليجرام
A55: 54 | B55: الفقه | C55: شرح الفقه الميسر | D55: الصلاة | E55: 45 | F55: تابع صلاة الجمعة-4،صلاة الخوف | H55: صوتي | I55: 2024-12-09 | J55: فتح في تليجرام
... A100: 99 | B100: الفقه | C100: شرح الفقه الميسر | D100: الأطعمة والذبائح والصيد | E100: 90 | F100: الأطعمة والذبائح والصيد - الدرس 90 | H100: صوتي | I100: 2026-08-15 | J100: فتح في تليجرام
A101: 100 | B101: الفقه | C101: شرح الفقه الميسر | D101: الأطعمة والذبائح والصيد | F101: الأطعمة والذبائح والصيد (2026-08-15) | H101: PDF | I101: 2026-08-15 | J101: فتح في تليجرام
A102: 101 | B102: الفقه | C102: شرح مختصر فقه البيوع | E102: 1 | F102: شرح مختصر فقه البيوع - الدرس 1 | H102: صوتي | I102: 2022-05-25 | J102: فتح في تليجرام
A103: 102 | B103: الفقه | C103: شرح مختصر فقه البيوع | E103: 2 | F103: شرح مختصر فقه البيوع - الدرس 2 | H103: صوتي | I103: 2022-06-01 | J103: فتح في تليجرام
A104: 103 | B104: الفقه | C104: شرح مختصر فقه البيوع | E104: 3 | F104: شرح مختصر فقه البيوع - الدرس 3 | H104: صوتي | I104: 2022-06-05 | J104: فتح في تليجرام
A105: 104 | B105: الفقه | C105: شرح مختصر فقه البيوع | E105: 4 | F105: شرح مختصر فقه البيوع - الدرس 4 | H105: صوتي | I105: 2022-06-07 | J105: فتح في تليجرام
A106: 105 | B106: الفقه | C106: شرح مختصر فقه البيوع | E106: 5 | F106: شرح مختصر فقه البيوع - الدرس 5 | H106: صوتي | I106: 2022-06-21 | J106: فتح في تليجرام
A107: 106 | B107: الفقه | C107: شرح مختصر فقه البيوع | E107: 6 | F107: شرح مختصر فقه البيوع - الدرس 6 | H107: صوتي | I107: 2022-06-28 | J107: فتح في تليجرام
A108: 107 | B108: الفقه | C108: شرح مختصر فقه البيوع | E108: 7 | F108: شرح مختصر فقه البيوع - الدرس 7 | H108: صوتي | I108: 2022-07-26 | J108: فتح في تليجرام
A109: 108 | B109: الفقه | C109: شرح مختصر فقه البيوع | E109: 8 | F109: (عقود التوثقات-عقد الضمان) | H109: صوتي | I109: 2022-07-31 | J109: فتح في تليجرام
A110: 109 | B110: الفقه | C110: شرح مختصر فقه البيوع | E110: 9 | F110: (عقود التوثقات-عقد الكفالة-الحوالة-صور بيع الدين) | H110: صوتي | I110: 2022-08-02 | J110: فتح في تليجرام
A111: 110 | B111: الفقه | C111: شرح مختصر فقه البيوع | E111: 10 | F111: (الصلح) | H111: صوتي | I111: 2022-08-23 | J111: فتح في تليجرام
A112: 111 | B112: الفقه | C112: شرح منار السبيل | F112: فقه منار السبيل | H112: صوتي | I112: 2021-12-10 | J112: فتح في تليجرام
A113: 112 | B113: الفقه | C113: شرح منار السبيل | F113: فقه منار السبيل | H113: صوتي | I113: 2021-12-10 | J113: فتح في تليجرام
A114: 113 | B114: الفقه | C114: شرح منار السبيل | F114: فقه منار السبيل | H114: صوتي | I114: 2021-12-11 | J114: فتح في تليجرام
A115: 114 | B115: الفقه | C115: شرح منار السبيل | F115: فقه منار السبيل | G115: صلاة العيدين صلاة الإستسقاء صلاة الكسوف | H115: صوتي | I115: 2021-12-28 | J115: فتح في تليجرام
A116: 115 | B116: الفقه | C116: شرح منار السبيل | F116: فقه منار السبيل | H116: صوتي | I116: 2021-12-30 | J116: فتح في تليجرام
A117: 116 | B117: الفقه | C117: شرح منار السبيل | F117: صلاة العيدين- صلاة الكسوف- صلاة الإستسقاء | H117: صوتي | I117: 2022-01-26 | J117: فتح في تليجرام
A118: 117 | B118: الفقه | C118: شرح منار السبيل | F118: فقه منار السبيل | H118: صوتي | I118: 2022-01-26 | J118: فتح في تليجرام
A119: 118 | B119: الفقه | C119: شرح منار السبيل | F119: فقة منار السبيل | G119: فصل في الكلام على الكفن | H119: صوتي | I119: 2022-01-29 | J119: فتح في تليجرام
A120: 119 | B120: الفقه | C120: شرح منار السبيل | D120: الصلاة | F120: منار السبيل - صلاة الخوف - صلاة الجمعة | H120: صوتي | I120: 2021-12-26 | J120: فتح في تليجرام
A121: 120 | B121: الفقه | C121: شرح منار السبيل | D121: الصلاة | F121: فصل فى الصلاة على الميت - حمل الميت ودفنه - أحكام المصاب والتعزية | H121: صوتي | I121: 2022-02-09 | J121: فتح في تليجرام
A122: 121 | B122: الفقه | C122: شرح منار السبيل | D122: الصلاة | F122: شرح فقه الصلاة منار السبيل | H122: صوتي | I122: 2022-06-11 | J122: فتح في تليجرام
A123: 122 | B123: الفقه | C123: شرح منار السبيل | D123: الصيام | E123: 1 | F123: الصيام - الدرس 1 | H123: صوتي | I123: 2022-03-20 | J123: فتح في تليجرام
A124: 123 | B124: الفقه | C124: شرح منار السبيل | D124: الصيام | E124: 2 | F124: الصيام - الدرس 2 | H124: صوتي | I124: 2022-03-20 | J124: فتح في تليجرام
A125: 124 | B125: الفقه | C125: شرح منار السبيل | D125: الزكاة | F125: شرح فقه الزكاة منار السبيل | H125: صوتي | I125: 2022-06-11 | J125: فتح في تليجرام
A126: 125 | B126: الفقه | C126: شرح منار السبيل | D126: الحج | F126: شرح فقه الحج منار السبيل | H126: صوتي | I126: 2022-06-11 | J126: فتح في تليجرام
A127: 126 | B127: الفقه | C127: شرح منار السبيل | D127: الحج | E127: 1 | F127: حكم الحج والعمرة- شروط الحج | H127: صوتي | I127: 2024-05-29 | J127: فتح في تليجرام
A128: 127 | B128: الفقه | C128: شرح منار السبيل | D128: الحج | E128: 2 | F128: باب المواقيت | H128: صوتي | I128: 2024-05-29 | J128: فتح في تليجرام
A129: 128 | B129: الفقه | C129: شرح منار السبيل | D129: الحج | E129: 3 | F129: باب محظورات الإحرام | H129: صوتي | I129: 2024-05-29 | J129: فتح في تليجرام
A130: 129 | B130: الفقه | C130: شرح منار السبيل | D130: الحج | E130: 4 | F130: باب أحكام الفدية-1 | H130: صوتي | I130: 2024-05-29 | J130: فتح في تليجرام
A131: 130 | B131: الفقه | C131: شرح منار السبيل | D131: الحج | E131: 5 | F131: باب أحكام الفدية-2 | H131: صوتي | I131: 2024-06-04 | J131: فتح في تليجرام
A132: 131 | B132: الفقه | C132: شرح منار السبيل | D132: الحج | E132: 6 | F132: باب أركان الحج وواجباته | H132: صوتي | I132: 2024-06-04 | J132: فتح في تليجرام
A133: 132 | B133: الفقه | C133: شرح منار السبيل | D133: الحج | E133: 7 | F133: الطواف وشروطه، السعي وشروطه، الفوات والإحصار | H133: صوتي | I133: 2024-06-04 | J133: فتح في تليجرام
A134: 133 | B134: الفقه | C134: شرح منار السبيل | D134: الحج | E134: 8 | F134: باب الأضحية وأحكامها | H134: صوتي | I134: 2024-06-04 | J134: فتح في تليجرام
A135: 134 | B135: الفقه | C135: شرح مختصر منار السبيل | D135: الصلاة | F135: كتاب الصلاة-الأركان والواجبات والمستحبات | H135: صوتي | I135: 2022-05-10 | J135: فتح في تليجرام
A136: 135 | B136: الفقه | C136: شرح مختصر منار السبيل | D136: الصلاة | F136: كتاب الصلاة- المكروهات والمبطلات | H136: صوتي | I136: 2022-05-13 | J136: فتح في تليجرام
A137: 136 | B137: الفقه | C137: شرح مختصر منار السبيل | D137: الصلاة | F137: كتاب الصلاة- سجود السهو | H137: صوتي | I137: 2022-05-18 | J137: فتح في تليجرام
A138: 137 | B138: الفقه | C138: شرح مختصر منار السبيل | D138: الصلاة | F138: شرح فقه الصلاة | G138: صلاة التطوع-سجود التلاوة والشكر-اوقات النهي-صلاة الجماعة. | H138: صوتي | I138: 2022-06-09 | J138: فتح في تليجرام
A139: 138 | B139: الفقه | C139: شرح مختصر منار السبيل | D139: الصلاة | F139: شرح فقه الصلاة | G139: تابع صلاة الجماعة - صلاة أصحاب الاعذار. | H139: صوتي | I139: 2023-05-01 | J139: فتح في تليجرام
A140: 139 | B140: الفقه | C140: شرح كتاب البيوع من عمدة الفقه | E140: 1 | F140: كتاب عمدة الفقه لابن قدامة | G140: كتاب البيوع 1 | H140: صوتي | I140: 2024-05-01 | J140: فتح في تليجرام
A141: 140 | B141: الفقه | C141: شرح كتاب البيوع من عمدة الفقه | E141: 2 | F141: كتاب عمدة الفقه لابن قدامة | G141: كتاب البيوع 2 | H141: صوتي | I141: 2024-05-01 | J141: فتح في تليجرام
A142: 141 | B142: الفقه | C142: شرح كتاب البيوع من عمدة الفقه | E142: 3 | F142: كتاب عمدة الفقه لابن قدامة | G142: كتاب البيوع 3 • (صور البيوع المنهي عنها) | H142: صوتي | I142: 2024-05-09 | J142: فتح في تليجرام
A143: 142 | B143: الفقه | C143: شرح كتاب البيوع من عمدة الفقه | E143: 4 | F143: كتاب عمدة الفقه لابن قدامة | G143: كتاب البيوع 4 • (الربا وقواعد الربويات-1) | H143: صوتي | I143: 2024-05-09 | J143: فتح في تليجرام
A144: 143 | B144: الفقه | C144: شرح كتاب البيوع من عمدة الفقه | E144: 7 | F144: كتاب عمدة الفقه لابن قدامة | G144: كتاب البيوع 7 • (باب الخيار-2) | H144: صوتي | I144: 2024-08-24 | J144: فتح في تليجرام
A145: 144 | B145: الفقه | C145: شرح كتاب البيوع من عمدة الفقه | E145: 8 | F145: كتاب عمدة الفقه لابن قدامة | G145: كتاب البيوع 8 • (باب السلم) | H145: صوتي | I145: 2024-08-28 | J145: فتح في تليجرام
A146: 145 | B146: الفقه | C146: شرح كتاب البيوع من عمدة الفقه | E146: 9 | F146: كتاب عمدة الفقه لابن قدامة | G146: كتاب البيوع 9 • (باب القرض) | H146: صوتي | I146: 2024-08-28 | J146: فتح في تليجرام
A147: 146 | B147: الفقه | C147: شرح كتاب البيوع من عمدة الفقه | E147: 5 | F147: كتاب عمدة الفقه لابن قدامة | G147: كتاب البيوع 5 • (الربا وقواعد الربويات-3، باب الأصول والثمار) | H147: صوتي | I147: 2024-08-29 | J147: فتح في تليجرام
A148: 147 | B148: الفقه | C148: شرح كتاب البيوع من عمدة الفقه | E148: 6 | F148: كتاب عمدة الفقه لابن قدامة | G148: كتاب البيوع 6 • (باب الخيار-1) | H148: صوتي | I148: 2024-08-29 | J148: فتح في تليجرام
A149: 148 | B149: الفقه | C149: شرح كتاب البيوع من عمدة الفقه | E149: 10 | F149: كتاب عمدة الفقه لابن قدامة | G149: كتاب البيوع 10 • (باب أحكام الدين) | H149: صوتي | I149: 2024-09-12 | J149: فتح في تليجرام
A150: 149 | B150: الفقه | C150: شرح كتاب البيوع من عمدة الفقه | E150: 11 | F150: كتاب عمدة الفقه لابن قدامة | G150: كتاب البيوع 11 • (احكام الحوالة ) | H150: صوتي | I150: 2024-09-23 | J150: فتح في تليجرام
A151: 150 | B151: الفقه | C151: شرح كتاب البيوع من عمدة الفقه | E151: 12 | F151: كتاب عمدة الفقه لابن قدامة | G151: كتاب البيوع 12 • (احكام الضمان ) | H151: صوتي | I151: 2024-09-23 | J151: فتح في تليجرام
... A155: 154 | B155: الفقه | C155: شرح كتاب البيوع من عمدة الفقه | E155: 16 | F155: كتاب عمدة الفقه لابن قدامة | G155: كتاب البيوع 16 • (باب الوكالة) | H155: صوتي | I155: 2024-11-13 | J155: فتح في تليجرام
A156: 155 | B156: الفقه | C156: شرح كتاب الحيوانات ما يجوز أكله وما لا يجوز | F156: شرح كتاب "الحيوانات ما يجوز اكله وما لا يجوز" | H156: صوتي | I156: 2026-06-13 | J156: فتح في تليجرام
A157: 156 | B157: الفقه | C157: شرح منهج السالكين (كتاب البيوع) (متجدد) | D157: البيوع | E157: 1 | F157: منهج السالكين وتوضيح الفقه في الدين للشيخ عبد الرحمن السعدي | G157: أركان البيع وشروطه | H157: صوتي | I157: 2026-07-28 | J157: فتح في تليجرام
A158: 157 | B158: الفقه | C158: شرح منهج السالكين (كتاب البيوع) (متجدد) | D158: البيوع | E158: 1 | F158: منهج السالكين وتوضيح الفقه في الدين للشيخ عبد الرحمن السعدي | G158: كتاب البيوع-1 | H158: صوتي | I158: 2026-07-28 | J158: فتح في تليجرام
A159: 158 | B159: الفقه | C159: شرح منهج السالكين (كتاب البيوع) (متجدد) | D159: البيوع | E159: 2 | F159: منهج السالكين وتوضيح الفقه في الدين للشيخ عبد الرحمن السعدي | G159: أركان البيع وشروطه-2 | H159: صوتي | I159: 2026-08-11 | J159: فتح في تليجرام
...

Sheet قضايا فكرية
A1: م | B1: التصنيف | C1: السلسلة | D1: الكتاب / الباب | E1: رقم الدرس | F1: عنوان الدرس | G1: الموضوعات | H1: النوع | I1: التاريخ | J1: الرابط
A2: 1 | B2: قضايا فكرية | C2: فقه الأمر بالمعروف والنهي عن المنكر | E2: 1 | F2: فقه الأمر بالمعروف والنهي عن المنكر - الدرس 1 | H2: صوتي | I2: 2022-05-24 | J2: فتح في تليجرام
A3: 2 | B3: قضايا فكرية | C3: فقه الأمر بالمعروف والنهي عن المنكر | E3: 2 | F3: فقه الأمر بالمعروف والنهي عن المنكر - الدرس 2 | H3: صوتي | I3: 2022-06-02 | J3: فتح في تليجرام
A4: 3 | B4: قضايا فكرية | C4: فقه الأمر بالمعروف والنهي عن المنكر | F4: فقه الأمر بالمعروف والنهي عن المنكر (تابع) | H4: صوتي | I4: 2022-06-11 | J4: فتح في تليجرام
A5: 4 | B5: قضايا فكرية | C5: فقه الأمر بالمعروف والنهي عن المنكر | F5: فقه الأمر بالمعروف والنهي عن المنكر (تابع) | H5: صوتي | I5: 2022-06-11 | J5: فتح في تليجرام
A6: 5 | B6: قضايا فكرية | C6: فقه الأمر بالمعروف والنهي عن المنكر | F6: فقه الأمر بالمعروف والنهي عن المنكر (2022-06-11) | H6: صوتي | I6: 2022-06-11 | J6: فتح في تليجرام
A7: 6 | B7: قضايا فكرية | C7: السلفية ومناهج التغيير | F7: شرح السلفية ومناهج التغيير | H7: صوتي | I7: 2022-06-11 | J7: فتح في تليجرام
A8: 7 | B8: قضايا فكرية | C8: مسائل الإيمان والكفر | F8: مسائل الإيمان و الكفر | H8: صوتي | I8: 2022-08-11 | J8: فتح في تليجرام
A9: 8 | B9: قضايا فكرية | C9: مسائل الإيمان والكفر | F9: مسائل الإيمان والكفر (تابع) | H9: صوتي | I9: 2022-08-11 | J9: فتح في تليجرام
A10: 9 | B10: قضايا فكرية | C10: شرح الاتباع والبدع | F10: شرح الإتباع والبدع | H10: صوتي | I10: 2022-06-11 | J10: فتح في تليجرام
A11: 10 | B11: قضايا فكرية | C11: شرح الاتباع والبدع | F11: عاشوراء والمحرم فضلهما، بين السنة والبدعة | H11: صوتي | I11: 2022-08-04 | J11: فتح في تليجرام
A12: 11 | B12: قضايا فكرية | C12: شرح الاتباع والبدع | E12: 1 | F12: منهج الاتباع - 1 | H12: صوتي | I12: 2022-12-23 | J12: فتح في تليجرام
A13: 12 | B13: قضايا فكرية | C13: شرح الاتباع والبدع | E13: 2 | F13: منهج الاتباع - 2 | H13: صوتي | I13: 2022-12-30 | J13: فتح في تليجرام
A14: 13 | B14: قضايا فكرية | C14: شرح فقه الجهاد | F14: فقه الجهاد | H14: صوتي | I14: 2022-07-16 | J14: فتح في تليجرام
A15: 14 | B15: قضايا فكرية | C15: شرح فقه الجهاد | F15: فضل الجهاد في سبيل الله ومراتبه | G15: الرد على شبهات التكفيريين. | H15: صوتي | I15: 2023-11-04 | J15: فتح في تليجرام
A16: 15 | B16: قضايا فكرية | C16: فقه الخلاف | F16: فقه الخلاف | H16: صوتي | I16: 2022-07-16 | J16: فتح في تليجرام
A17: 16 | B17: قضايا فكرية | C17: مسألة العذر بالجهل | F17: مكثفة | H17: صوتي | I17: 2022-03-11 | J17: فتح في تليجرام
A18: 17 | B18: قضايا فكرية | C18: مسألة العذر بالجهل | F18: مراجعة العذر بالجهل | H18: صوتي | I18: 2022-08-10 | J18: فتح في تليجرام
A19: 18 | B19: قضايا فكرية | C19: فقه العهود والمواثيق | D19: فقه العهود والمواثيق | F19: شرح مختصر فقه العهود والمواثيق | H19: صوتي | I19: 2023-11-08 | J19: فتح في تليجرام
A20: 19 | B20: قضايا فكرية | C20: فقه العهود والمواثيق | D20: فقه العهود والمواثيق | F20: أجوبة اسئلة فقه العهود والمواثيق | H20: صوتي | I20: 2023-11-08 | J20: فتح في تليجرام
A21: 20 | B21: قضايا فكرية | C21: فقه العهود والمواثيق | D21: فقه العهود والمواثيق | F21: ملخص لأنواع العهود والمواثيق | H21: صوتي | I21: 2023-12-29 | J21: فتح في تليجرام
A22: 21 | B22: قضايا فكرية | C22: فقه العهود والمواثيق | D22: فقه العهود والمواثيق | F22: أسئلة فقه العهود والمواثيق | H22: صوتي | I22: 2025-01-28 | J22: فتح في تليجرام
A23: 22 | B23: قضايا فكرية | C23: فقه العهود والمواثيق | D23: فقه العهود والمواثيق | F23: دورة فقه العهود.pdf | H23: PDF | I23: 2025-01-28 | J23: فتح في تليجرام
A24: 23 | B24: قضايا فكرية | C24: فقه العهود والمواثيق | D24: فقه العهود والمواثيق. | F24: شرح مختصر فقه العهود والمواثيق | H24: صوتي | I24: 2025-01-28 | J24: فتح في تليجرام
A25: 24 | B25: قضايا فكرية | C25: فقه العهود والمواثيق | D25: فقه العهود والموازنات من خلال السيرة النبوية | E25: 1 | F25: فقه العهود والموازنات من خلال السيرة النبوية - الدرس 1 | H25: صوتي | I25: 2026-03-11 | J25: فتح في تليجرام
A26: 25 | B26: قضايا فكرية | C26: فقه العهود والمواثيق | D26: فقه العهود والموازنات من خلال السيرة النبوية | E26: 2 | F26: فقه العهود والموازنات من خلال السيرة النبوية - الدرس 2 | H26: صوتي | I26: 2026-03-12 | J26: فتح في تليجرام
A27: 26 | B27: قضايا فكرية | C27: فقه العهود والمواثيق | D27: فقه العهود والموازنات من خلال السيرة النبوية | F27: أسئلة فقه العهود والموازنات من خلال السيرة النبوية | H27: صوتي | I27: 2026-03-12 | J27: فتح في تليجرام
A28: 27 | B28: قضايا فكرية | C28: قضايا فكرية متنوعة | D28: قضايا الأمة | F28: آيات العزة في حرب غزة | H28: صوتي | I28: 2023-10-08 | J28: فتح في تليجرام
A29: 28 | B29: قضايا فكرية | C29: قضايا فكرية متنوعة | D29: قضايا الأمة | F29: واقع الأمة... من أين نبدأ | H29: صوتي | I29: 2024-04-29 | J29: فتح في تليجرام
A30: 29 | B30: قضايا فكرية | C30: قضايا فكرية متنوعة | D30: قضايا الأمة | F30: الدعوة إلى الله | G30: فضلها، حكمها، أهدافها، شبهات وردود | H30: صوتي | I30: 2025-04-15 | J30: فتح في تليجرام
A31: 30 | B31: قضايا فكرية | C31: قضايا فكرية متنوعة | D31: قضايا الأمة | F31: أيها الساسة لاتنزع الرحمة إلا من شقي.pdf | H31: PDF | I31: 2025-04-17 | J31: فتح في تليجرام
A32: 31 | B32: قضايا فكرية | C32: قضايا فكرية متنوعة | D32: قضية التصوف الفلسفي وخطره في الأمة | E32: 1 | F32: قضية التصوف الفلسفي وخطره في الأمة - الدرس 1 | H32: صوتي | I32: 2024-04-29 | J32: فتح في تليجرام
A33: 32 | B33: قضايا فكرية | C33: قضايا فكرية متنوعة | D33: قضية التصوف الفلسفي وخطره في الأمة | E33: 2 | F33: (رموز التصوف الفلسفي - الحلاج) | H33: صوتي | I33: 2024-05-07 | J33: فتح في تليجرام
A34: 33 | B34: قضايا فكرية | C34: قضايا فكرية متنوعة | D34: قضية التصوف الفلسفي وخطره في الأمة | E34: 3 | F34: (رموز التصوف الفلسفي - ابن عربي-ابن الأرض-جلال الدين الرومي) | H34: صوتي | I34: 2024-05-29 | J34: فتح في تليجرام
A35: 34 | B35: قضايا فكرية | C35: قضايا فكرية متنوعة | F35: قضايا الموازنات وأحكام العهود في ضوء صلح الحديبية | H35: صوتي | I35: 2025-04-15 | J35: فتح في تليجرام
A36: 35 | B36: قضايا فكرية | C36: قضايا فكرية متنوعة | F36: أسئلة حول قضايا العهود في الواقع المعاصر | H36: صوتي | I36: 2025-04-15 | J36: فتح في تليجرام
A37: 36 | B37: قضايا فكرية | C37: قضايا فكرية متنوعة | D37: وثيقة المدينة | F37: وثيقة المدينة والمعاهدات الدولية المعاصرة | H37: صوتي | I37: 2025-04-28 | J37: فتح في تليجرام
A38: 37 | B38: قضايا فكرية | C38: قضايا فكرية متنوعة | D38: وثيقة المدينة | F38: أسئلة حول وثيقة المدينة وقضايا المعاهدات الدولية المعاصرة | H38: صوتي | I38: 2025-04-28 | J38: فتح في تليجرام
A39: 38 | B39: قضايا فكرية | C39: قضايا فكرية متنوعة | D39: وثيقة المدينة | F39: أسئلة حول وثيقة المدينة وقضايا المعاهدات الدولية المعاصرة | H39: صوتي | I39: 2025-04-28 | J39: فتح في تليجرام
A40: 39 | B40: قضايا فكرية | C40: قضايا فكرية متنوعة | D40: قضية المذهبية | F40: بحث قضية المذهبية.. رؤية سلفية .pdf | H40: PDF | I40: 2026-08-14 | J40: فتح في تليجرام
A41: 40 | B41: قضايا فكرية | C41: قضايا فكرية متنوعة | D41: قضية المذهبية | E41: 1 | F41: قضية المذهبية... رؤية سلفية- 1 | H41: صوتي | I41: 2026-08-14 | J41: فتح في تليجرام
A42: 41 | B42: قضايا فكرية | C42: قضايا فكرية متنوعة | D42: قضية المذهبية | E42: 2 | F42: قضية المذهبية... رؤية سلفية- 2 | H42: صوتي | I42: 2026-08-14 | J42: فتح في تليجرام

Sheet التفسير
A1: م | B1: التصنيف | C1: السلسلة | D1: الكتاب / الباب | E1: رقم الدرس | F1: عنوان الدرس | G1: الموضوعات | H1: النوع | I1: التاريخ | J1: الرابط
A2: 1 | B2: التفسير | C2: تفسير القرآن الكريم | D2: سورة الذاريات | E2: 1 | F2: مجلس | G2: سورة الذاريات-1 | H2: صوتي | I2: 2021-12-03 | J2: فتح في تليجرام
A3: 2 | B3: التفسير | C3: تفسير القرآن الكريم | D3: سورة الذاريات | E3: 1 | F3: سورة الذاريات - الدرس 1 | H3: صوتي | I3: 2022-05-09 | J3: فتح في تليجرام
A4: 3 | B4: التفسير | C4: تفسير القرآن الكريم | D4: سورة الذاريات | E4: 2 | F4: سورة الذاريات - الدرس 2 | H4: صوتي | I4: 2022-05-13 | J4: فتح في تليجرام
A5: 4 | B5: التفسير | C5: تفسير القرآن الكريم | D5: سورة الذاريات | F5: تفسير سورة الذاريات | H5: صوتي | I5: 2022-07-01 | J5: فتح في تليجرام
A6: 5 | B6: التفسير | C6: تفسير القرآن الكريم | D6: سورة الذاريات | F6: سورة الذاريات (2022-07-22) | H6: صوتي | I6: 2022-07-22 | J6: فتح في تليجرام
A7: 6 | B7: التفسير | C7: تفسير القرآن الكريم | D7: سورة الذاريات | F7: ختام تفسير سورة الذاريات | H7: صوتي | I7: 2022-07-29 | J7: فتح في تليجرام
A8: 7 | B8: التفسير | C8: تفسير القرآن الكريم | F8: التفسير | H8: صوتي | I8: 2022-02-11 | J8: فتح في تليجرام
A9: 8 | B9: التفسير | C9: تفسير القرآن الكريم | D9: سورة ق | E9: 1 | F9: سورة ق - الدرس 1 | H9: صوتي | I9: 2022-08-26 | J9: فتح في تليجرام
A10: 9 | B10: التفسير | C10: تفسير القرآن الكريم | D10: سورة ق | E10: 2 | F10: سورة ق - الدرس 2 | H10: صوتي | I10: 2022-09-02 | J10: فتح في تليجرام
A11: 10 | B11: التفسير | C11: تفسير القرآن الكريم | D11: سورة ق | E11: 3 | F11: سورة ق - الدرس 3 | H11: صوتي | I11: 2022-09-23 | J11: فتح في تليجرام
A12: 11 | B12: التفسير | C12: تفسير القرآن الكريم | D12: سورة ق | E12: 4 | F12: سورة ق - الدرس 4 | H12: صوتي | I12: 2022-10-07 | J12: فتح في تليجرام
A13: 12 | B13: التفسير | C13: تفسير القرآن الكريم | D13: سورة ق | E13: 5 | F13: سورة ق - الدرس 5 | H13: صوتي | I13: 2022-10-14 | J13: فتح في تليجرام
A14: 13 | B14: التفسير | C14: تفسير القرآن الكريم | D14: سورة الحجرات | E14: 1 | F14: سورة الحجرات - الدرس 1 | H14: صوتي | I14: 2022-10-28 | J14: فتح في تليجرام
A15: 14 | B15: التفسير | C15: تفسير القرآن الكريم | D15: سورة الحجرات | E15: 2 | F15: سورة الحجرات - الدرس 2 | H15: صوتي | I15: 2022-11-04 | J15: فتح في تليجرام
A16: 15 | B16: التفسير | C16: تفسير القرآن الكريم | D16: سورة الحجرات | E16: 3 | F16: سورة الحجرات - الدرس 3 | H16: صوتي | I16: 2022-11-25 | J16: فتح في تليجرام
A17: 16 | B17: التفسير | C17: تفسير القرآن الكريم | D17: سورة الحجرات | E17: 4 | F17: سورة الحجرات - الدرس 4 | H17: صوتي | I17: 2022-12-09 | J17: فتح في تليجرام
A18: 17 | B18: التفسير | C18: تفسير القرآن الكريم | D18: سورة الحجرات | E18: 5 | F18: سورة الحجرات - الدرس 5 | H18: صوتي | I18: 2022-12-16 | J18: فتح في تليجرام
A19: 18 | B19: التفسير | C19: تفسير القرآن الكريم | D19: سورة الحجرات | E19: 6 | F19: "ختام السورة" | H19: صوتي | I19: 2022-12-23 | J19: فتح في تليجرام
A20: 19 | B20: التفسير | C20: تفسير القرآن الكريم | D20: سورة محمد | E20: 1 | F20: سورة محمد - الدرس 1 | H20: صوتي | I20: 2022-12-30 | J20: فتح في تليجرام
... A32: 31 | B32: التفسير | C32: تفسير القرآن الكريم | D32: سورة محمد | E32: 13 | F32: 13 (الأخير) | H32: صوتي | I32: 2023-06-02 | J32: فتح في تليجرام
A33: 32 | B33: التفسير | C33: تفسير القرآن الكريم | D33: هدايات الأجزاء | F33: من هدايات الجزء الثاني | H33: صوتي | I33: 2023-03-24 | J33: فتح في تليجرام
A34: 33 | B34: التفسير | C34: تفسير القرآن الكريم | D34: هدايات الأجزاء | F34: من هدايات الجزء الثالث : إن الدين عند الله الإسلام | H34: صوتي | I34: 2023-03-25 | J34: فتح في تليجرام
A35: 34 | B35: التفسير | C35: تفسير القرآن الكريم | D35: هدايات الأجزاء | F35: من هدايات الأجزاء.. سورة الفرقان | H35: صوتي | I35: 2023-04-03 | J35: فتح في تليجرام
A36: 35 | B36: التفسير | C36: تفسير القرآن الكريم | D36: سورة الأحقاف | F36: تفسير سورة الأحقاف | H36: صوتي | I36: 2023-06-09 | J36: فتح في تليجرام
A37: 36 | B37: التفسير | C37: تفسير القرآن الكريم | D37: سورة الأحقاف | E37: 2 | F37: سورة الأحقاف - الدرس 2 | H37: صوتي | I37: 2023-07-28 | J37: فتح في تليجرام
A38: 37 | B38: التفسير | C38: تفسير القرآن الكريم | D38: سورة الأحقاف | E38: 3 | F38: سورة الأحقاف - الدرس 3 | H38: صوتي | I38: 2023-08-11 | J38: فتح في تليجرام
A39: 38 | B39: التفسير | C39: تفسير القرآن الكريم | D39: سورة الأحقاف | E39: 4 | F39: سورة الأحقاف - الدرس 4 | H39: صوتي | I39: 2023-08-18 | J39: فتح في تليجرام
A40: 39 | B40: التفسير | C40: تفسير القرآن الكريم | D40: سورة الأحقاف | E40: 6 | F40: سورة الأحقاف - الدرس 6 | H40: صوتي | I40: 2023-09-29 | J40: فتح في تليجرام
A41: 40 | B41: التفسير | C41: تفسير القرآن الكريم | D41: سورة الأحقاف | E41: 7 | F41: سورة الأحقاف - الدرس 7 | H41: صوتي | I41: 2023-10-07 | J41: فتح في تليجرام
A42: 41 | B42: التفسير | C42: تفسير القرآن الكريم | D42: سورة الأحقاف | E42: 8 | F42: سورة الأحقاف - الدرس 8 | H42: صوتي | I42: 2023-10-27 | J42: فتح في تليجرام
A43: 42 | B43: التفسير | C43: تفسير القرآن الكريم | D43: سورة الأحقاف | E43: 9 | F43: سورة الأحقاف - الدرس 9 | H43: صوتي | I43: 2023-11-04 | J43: فتح في تليجرام
A44: 43 | B44: التفسير | C44: تفسير القرآن الكريم | D44: سورة الأحقاف | E44: 10 | F44: سورة الأحقاف - الدرس 10 | H44: صوتي | I44: 2023-11-11 | J44: فتح في تليجرام
A45: 44 | B45: التفسير | C45: تفسير القرآن الكريم | D45: سورة الأحقاف | E45: 11 | F45: سورة الأحقاف - الدرس 11 | H45: صوتي | I45: 2023-11-24 | J45: فتح في تليجرام
A46: 45 | B46: التفسير | C46: تفسير القرآن الكريم | D46: سورة الأحقاف | E46: 12 | F46: سورة الأحقاف - الدرس 12 | H46: صوتي | I46: 2023-12-03 | J46: فتح في تليجرام
A47: 46 | B47: التفسير | C47: تفسير القرآن الكريم | D47: سورة الجاثية | E47: 1 | F47: سورة الجاثية - الدرس 1 | H47: صوتي | I47: 2023-12-09 | J47: فتح في تليجرام
A48: 47 | B48: التفسير | C48: تفسير القرآن الكريم | D48: سورة الجاثية | E48: 2 | F48: سورة الجاثية - الدرس 2 | H48: صوتي | I48: 2023-12-22 | J48: فتح في تليجرام
... A66: 65 | B66: التفسير | C66: تفسير القرآن الكريم | D66: سورة الفاتحة | E66: 2 | F66: نقرأ الفاتحة 2 | H66: صوتي | I66: 2025-11-02 | J66: فتح في تليجرام

Sheet الخطب
A1: م | B1: التصنيف | C1: السلسلة | D1: الكتاب / الباب | E1: رقم الدرس | F1: عنوان الدرس | G1: الموضوعات | H1: النوع | I1: التاريخ | J1: الرابط
A2: 1 | B2: الخطب | C2: خطب الجمعة | F2: اليوم أسباب الفرج ورفع البلاء | H2: صوتي | I2: 2021-11-12 | J2: فتح في تليجرام
A3: 2 | B3: الخطب | C3: خطب الجمعة | F3: نور الإيمان | H3: صوتي | I3: 2021-11-12 | J3: فتح في تليجرام
A4: 3 | B4: الخطب | C4: خطب الجمعة | F4: الأسرة في إلاسلام | H4: صوتي | I4: 2021-11-19 | J4: فتح في تليجرام
A5: 4 | B5: الخطب | C5: خطب الجمعة | F5: اليوم. قصة قوم لوط والدعوات المعاصرة | H5: صوتي | I5: 2021-12-03 | J5: فتح في تليجرام
A6: 5 | B6: الخطب | C6: خطب الجمعة | F6: نعمة الوقت | H6: صوتي | I6: 2021-12-31 | J6: فتح في تليجرام
A7: 6 | B7: الخطب | C7: خطب الجمعة | F7: اليوم : الأوطان والحفاظ عليها | H7: صوتي | I7: 2022-01-28 | J7: فتح في تليجرام
A8: 7 | B8: الخطب | C8: خطب الجمعة | F8: اليوم - الإسراء والمعراج | H8: صوتي | I8: 2022-02-25 | J8: فتح في تليجرام
A9: 8 | B9: الخطب | C9: خطب الجمعة | F9: نفحات في أيام الغفلات | H9: صوتي | I9: 2022-03-11 | J9: فتح في تليجرام
A10: 9 | B10: الخطب | C10: خطب الجمعة | F10: خطبة الجمعة | H10: صوتي | I10: 2022-04-01 | J10: فتح في تليجرام
A11: 10 | B11: الخطب | C11: خطب الجمعة | F11: مشاهد وداع رمضان | H11: صوتي | I11: 2022-04-29 | J11: فتح في تليجرام
A12: 11 | B12: الخطب | C12: خطب الجمعة | F12: عداوة الشيطان | H12: صوتي | I12: 2022-05-13 | J12: فتح في تليجرام
A13: 12 | B13: الخطب | C13: خطب الجمعة | F13: الأسرة في الإسلام | H13: صوتي | I13: 2022-06-03 | J13: فتح في تليجرام
... A24: 23 | B24: الخطب | C24: خطب الجمعة | F24: دور العقيدة فى مواجهة الأزمات | H24: صوتي | I24: 2022-12-23 | J24: فتح في تليجرام
A25: 24 | B25: الخطب | C25: خطب الجمعة | E25: 2 | F25: إدارة الازمات في غزوة تبوك في ظل العقيدة-2 | H25: صوتي | I25: 2022-12-30 | J25: فتح في تليجرام
A26: 25 | B26: الخطب | C26: خطب الجمعة | F26: خطبة الجمعة اليوم : أيام في شعب أبي طالب | H26: صوتي | I26: 2023-01-20 | J26: فتح في تليجرام
A27: 26 | B27: الخطب | C27: خطب الجمعة | F27: خطبة الجمعة : آيات رب العالمين في الزلازل | H27: صوتي | I27: 2023-02-10 | J27: فتح في تليجرام
A28: 27 | B28: الخطب | C28: خطب الجمعة | F28: نفحات في اوقات الغفلات | G28: (شهر شعبان) | H28: صوتي | I28: 2023-02-24 | J28: فتح في تليجرام
A29: 28 | B29: الخطب | C29: خطب الجمعة | F29: بين تحويل القبلة | G29: وتحول القلوب | H29: صوتي | I29: 2023-03-03 | J29: فتح في تليجرام
A30: 29 | B30: الخطب | C30: خطب الجمعة | F30: خطبة الجمعة : رمضان نفحات ومشاهد عبودية | H30: صوتي | I30: 2023-03-24 | J30: فتح في تليجرام
A31: 30 | B31: الخطب | C31: خطب الجمعة | F31: ماذا بعد رمضان | H31: صوتي | I31: 2023-04-28 | J31: فتح في تليجرام
A32: 31 | B32: الخطب | C32: خطب الجمعة | F32: رسائل بعد رمضان | H32: صوتي | I32: 2023-05-05 | J32: فتح في تليجرام
A33: 32 | B33: الخطب | C33: خطب الجمعة | F33: محبة النبي صلى الله عليه وسلم بين الاتباع والابتداع | H33: صوتي | I33: 2023-06-02 | J33: فتح في تليجرام
A34: 33 | B34: الخطب | C34: خطب الجمعة | E34: 3 | F34: احرام الصحابة بالحج - المبيت بمني - الوقوف بعرفة - خطبة عرفة | H34: صوتي | I34: 2023-06-08 | J34: فتح في تليجرام
A35: 34 | B35: الخطب | C35: خطب الجمعة | E35: 4 | F35: في حجة الوداع - 4 | G35: الوقوف بعرفة - خطبة عرفة - الدفع لمزدلفة - المبيت بمزدلفة. | H35: صوتي | I35: 2023-06-22 | J35: فتح في تليجرام
A36: 35 | B36: الخطب | C36: خطب الجمعة | F36: أعمال العشر ويوم عرفة | H36: صوتي | I36: 2023-06-23 | J36: فتح في تليجرام
A37: 36 | B37: الخطب | C37: خطب الجمعة | F37: القرآن الكريم دستور المؤمنين وغيظ قلوب الكافرين | H37: صوتي | I37: 2023-07-28 | J37: فتح في تليجرام
A38: 37 | B38: الخطب | C38: خطب الجمعة | F38: رحمة رب العالمين | H38: صوتي | I38: 2023-08-18 | J38: فتح في تليجرام
A39: 38 | B39: الخطب | C39: خطب الجمعة | F39: في أكناف بيت النبوة | G39: النبي صلى الله عليه وسلم زوجا. • النبي صلى الله عليه وسلم والدا كريما | H39: صوتي | I39: 2023-09-29 | J39: فتح في تليجرام
A40: 39 | B40: الخطب | C40: خطب الجمعة | F40: في أكناف بيت النبوة | G40: الجهاد والشهادة سبيل العزة والتمكين. | H40: صوتي | I40: 2023-10-07 | J40: فتح في تليجرام
A41: 40 | B41: الخطب | C41: خطب الجمعة | F41: قصة بناء أمة من الاستضعاف إلى التمكين | G41: (الطريق إلى بيت المقدس). | H41: صوتي | I41: 2023-11-04 | J41: فتح في تليجرام
A42: 41 | B42: الخطب | C42: خطب الجمعة | F42: عوامل الثبات في أزمنة البلاء والفتن | H42: صوتي | I42: 2023-11-24 | J42: فتح في تليجرام
A43: 42 | B43: الخطب | C43: خطب الجمعة | F43: حقيقة الصراع مع اليهود حول المسجد الأقصى | H43: صوتي | I43: 2023-12-03 | J43: فتح في تليجرام
A44: 43 | B44: الخطب | C44: خطب الجمعة | F44: ولا تهنوا ولا تحزنوا وانتم الاعلون ان كنتم مؤمنين | H44: صوتي | I44: 2023-12-09 | J44: فتح في تليجرام
A45: 44 | B45: الخطب | C45: خطب الجمعة | F45: من رحم البلاء تمييز الأعداء | H45: صوتي | I45: 2023-12-29 | J45: فتح في تليجرام
A46: 45 | B46: الخطب | C46: خطب الجمعة | F46: تحذير الأحباب من حرب رب الأرباب (الربا) | H46: صوتي | I46: 2024-01-12 | J46: فتح في تليجرام
A47: 46 | B47: الخطب | C47: خطب الجمعة | F47: أحوال وعبادات الأصفياء في أوقات الشتاء | H47: صوتي | I47: 2024-02-02 | J47: فتح في تليجرام
A48: 47 | B48: الخطب | C48: خطب الجمعة | F48: نفحات في أوقات الغفلات | H48: صوتي | I48: 2024-02-19 | J48: فتح في تليجرام
A49: 48 | B49: الخطب | C49: خطب الجمعة | F49: ميلاد جديد بين يدي رمضان | H49: صوتي | I49: 2024-03-01 | J49: فتح في تليجرام
A50: 49 | B50: الخطب | C50: خطب الجمعة | F50: كلوا من طيبات ما رزقناكم واشكروا لله | H50: صوتي | I50: 2024-05-03 | J50: فتح في تليجرام
A51: 50 | B51: الخطب | C51: خطب الجمعة | F51: نعمة الإسلام اليوم أكملت لكم دينكم | H51: صوتي | I51: 2024-05-12 | J51: فتح في تليجرام
A52: 51 | B52: الخطب | C52: خطب الجمعة | F52: الأنبياء أخوة لعلات | H52: صوتي | I52: 2024-09-23 | J52: فتح في تليجرام
A53: 52 | B53: الخطب | C53: خطب الجمعة | F53: الأسرة بين تكريم الإسلام وانحطاط الأعداء | H53: صوتي | I53: 2024-10-17 | J53: فتح في تليجرام
... A67: 66 | B67: الخطب | C67: خطب العيدين | F67: عيد الأضحى المبارك | H67: صوتي | I67: 2026-05-30 | J67: فتح في تليجرام

Sheet فتاوى واستشارات النساء
A1: م | B1: التصنيف | C1: السلسلة | D1: الكتاب / الباب | E1: رقم الدرس | F1: عنوان الدرس | G1: الموضوعات | H1: النوع | I1: التاريخ | J1: الرابط
A2: 1 | B2: فتاوى واستشارات النساء | C2: فتاوى واستشارات النساء | F2: مسألة: الأحكام المتعلقة بافرازات المرأة وانواعه والتعامل مع كل نوع منها | H2: صوتي | I2: 2022-08-03 | J2: فتح في تليجرام
A3: 2 | B3: فتاوى واستشارات النساء | C3: فتاوى واستشارات النساء | F3: جواب تفصيل حكم افرازات النساء | H3: صوتي | I3: 2022-08-15 | J3: فتح في تليجرام
A4: 3 | B4: فتاوى واستشارات النساء | C4: فتاوى واستشارات النساء | F4: فتاوى النساء | H4: صوتي | I4: 2023-12-25 | J4: فتح في تليجرام
A5: 4 | B5: فتاوى واستشارات النساء | C5: فتاوى واستشارات النساء | F5: فتاوى النساء | H5: صوتي | I5: 2023-12-25 | J5: فتح في تليجرام
A6: 5 | B6: فتاوى واستشارات النساء | C6: فتاوى واستشارات النساء | F6: فتاوى النساء | H6: صوتي | I6: 2023-12-30 | J6: فتح في تليجرام
A7: 6 | B7: فتاوى واستشارات النساء | C7: فتاوى واستشارات النساء | F7: فتاوى النساء | H7: صوتي | I7: 2024-01-13 | J7: فتح في تليجرام
A8: 7 | B8: فتاوى واستشارات النساء | C8: فتاوى واستشارات النساء | F8: فتاوى النساء | H8: صوتي | I8: 2024-01-29 | J8: فتح في تليجرام
A9: 8 | B9: فتاوى واستشارات النساء | C9: فتاوى واستشارات النساء | F9: فتاوى النساء | H9: صوتي | I9: 2024-02-04 | J9: فتح في تليجرام
A10: 9 | B10: فتاوى واستشارات النساء | C10: فتاوى واستشارات النساء | F10: فتاوى النساء | H10: صوتي | I10: 2024-02-10 | J10: فتح في تليجرام
A11: 10 | B11: فتاوى واستشارات النساء | C11: فتاوى واستشارات النساء | F11: فتاوى النساء | H11: صوتي | I11: 2024-05-07 | J11: فتح في تليجرام
A12: 11 | B12: فتاوى واستشارات النساء | C12: فتاوى واستشارات النساء | F12: فتاوى النساء | H12: صوتي | I12: 2024-05-12 | J12: فتح في تليجرام
A13: 12 | B13: فتاوى واستشارات النساء | C13: فتاوى واستشارات النساء | F13: فتاوى النساء | H13: صوتي | I13: 2024-07-21 | J13: فتح في تليجرام
... A54: 53 | B54: فتاوى واستشارات النساء | C54: فتاوى واستشارات النساء | F54: استشارات النساء | H54: صوتي | I54: 2025-12-05 | J54: فتح في تليجرام
A55: 54 | B55: فتاوى واستشارات النساء | C55: فتاوى واستشارات النساء | E55: 30 | F55: أحكام النساء في رمضان (30 سؤال وجواب) | H55: صوتي | I55: 2026-02-01 | J55: فتح في تليجرام
A56: 55 | B56: فتاوى واستشارات النساء | C56: فتاوى واستشارات النساء | F56: استشارات النساء | H56: صوتي | I56: 2026-07-06 | J56: فتح في تليجرام
A57: 56 | B57: فتاوى واستشارات النساء | C57: فتاوى واستشارات النساء | F57: استشارات النساء | H57: صوتي | I57: 2026-07-06 | J57: فتح في تليجرام
A58: 57 | B58: فتاوى واستشارات النساء | C58: فتاوى واستشارات النساء | F58: استشارات النساء | H58: صوتي | I58: 2026-07-06 | J58: فتح في تليجرام
A59: 58 | B59: فتاوى واستشارات النساء | C59: فتاوى واستشارات النساء | F59: استشارات النساء | H59: صوتي | I59: 2026-07-06 | J59: فتح في تليجرام
A60: 59 | B60: فتاوى واستشارات النساء | C60: فتاوى واستشارات النساء | F60: استشارات النساء(صيام) | H60: صوتي | I60: 2026-07-06 | J60: فتح في تليجرام
A61: 60 | B61: فتاوى واستشارات النساء | C61: فتاوى واستشارات النساء | F61: استشارات النساء | H61: صوتي | I61: 2026-07-06 | J61: فتح في تليجرام
A62: 61 | B62: فتاوى واستشارات النساء | C62: فتاوى واستشارات النساء | F62: استشارات النساء | H62: صوتي | I62: 2026-07-06 | J62: فتح في تليجرام
A63: 62 | B63: فتاوى واستشارات النساء | C63: فتاوى واستشارات النساء | F63: استشارات النساء | H63: صوتي | I63: 2026-07-06 | J63: فتح في تليجرام
A64: 63 | B64: فتاوى واستشارات النساء | C64: فتاوى واستشارات النساء | F64: استشارات النساء | H64: صوتي | I64: 2026-07-06 | J64: فتح في تليجرام
A65: 64 | B65: فتاوى واستشارات النساء | C65: فتاوى واستشارات النساء | F65: استشارات النساء | H65: صوتي | I65: 2026-07-06 | J65: فتح في تليجرام
A66: 65 | B66: فتاوى واستشارات النساء | C66: فتاوى واستشارات النساء | F66: استشارات النساء | H66: صوتي | I66: 2026-07-06 | J66: فتح في تليجرام
A67: 66 | B67: فتاوى واستشارات النساء | C67: فتاوى واستشارات النساء | F67: استشارات النساء | H67: صوتي | I67: 2026-07-06 | J67: فتح في تليجرام
... A69: 68 | B69: فتاوى واستشارات النساء | C69: فتاوى واستشارات النساء | F69: استشارات النساء | H69: صوتي | I69: 2026-07-26 | J69: فتح في تليجرام

Sheet المواسم
A1: م | B1: التصنيف | C1: السلسلة | D1: الكتاب / الباب | E1: رقم الدرس | F1: عنوان الدرس | G1: الموضوعات | H1: النوع | I1: التاريخ | J1: الرابط
A2: 1 | B2: المواسم | C2: رمضان والصيام | E2: 1 | F2: والقيام والاستعداد لرمضان - 1 | H2: صوتي | I2: 2022-02-20 | J2: فتح في تليجرام
A3: 2 | B3: المواسم | C3: رمضان والصيام | E3: 2 | F3: والقيام والإستعداد لرمضان 2 | H3: صوتي | I3: 2022-02-24 | J3: فتح في تليجرام
A4: 3 | B4: المواسم | C4: رمضان والصيام | E4: 3 | F4: والقيام والاستعداد لرمضان - 3 | G4: اصحاب الأعذار | H4: صوتي | I4: 2022-03-10 | J4: فتح في تليجرام
A5: 4 | B5: المواسم | C5: رمضان والصيام | E5: 4 | F5: والقيام والاستعداد لرمضان - 4 | G5: شرح أحاديث الصيام | H5: صوتي | I5: 2022-03-14 | J5: فتح في تليجرام
A6: 5 | B6: المواسم | C6: رمضان والصيام | F6: فقه الصيام | H6: صوتي | I6: 2022-03-16 | J6: فتح في تليجرام
A7: 6 | B7: المواسم | C7: رمضان والصيام | F7: نفحات بين يدي النصف من شعبان | H7: صوتي | I7: 2022-03-16 | J7: فتح في تليجرام
A8: 7 | B8: المواسم | C8: رمضان والصيام | F8: اليوم ليلة النصف من شعبان والاستعداد لرمضان | H8: صوتي | I8: 2022-03-17 | J8: فتح في تليجرام
A9: 8 | B9: المواسم | C9: رمضان والصيام | E9: 5 | F9: والقيام والاستعداد لرمضان - 5 | G9: شرح أحاديث الصيام | H9: صوتي | I9: 2022-03-21 | J9: فتح في تليجرام
A10: 9 | B10: المواسم | C10: رمضان والصيام | F10: آخر ليلة قبل رمضان | H10: صوتي | I10: 2022-03-31 | J10: فتح في تليجرام
A11: 10 | B11: المواسم | C11: رمضان والصيام | F11: بناء الشخصية المؤمنة بالقرآن في رمضان | H11: صوتي | I11: 2022-04-02 | J11: فتح في تليجرام
A12: 11 | B12: المواسم | C12: رمضان والصيام | F12: شائعة في التراويح | H12: صوتي | I12: 2022-04-10 | J12: فتح في تليجرام
A13: 12 | B13: المواسم | C13: رمضان والصيام | F13: العشر الأواخر | H13: صوتي | I13: 2022-04-21 | J13: فتح في تليجرام
A14: 13 | B14: المواسم | C14: رمضان والصيام | F14: الفطر وآدابه | H14: صوتي | I14: 2022-05-03 | J14: فتح في تليجرام
A15: 14 | B15: المواسم | C15: رمضان والصيام | F15: ماذا بعد رمضان | H15: صوتي | I15: 2022-05-07 | J15: فتح في تليجرام
A16: 15 | B16: المواسم | C16: رمضان والصيام | F16: لقاء "ليلة النصف من شعبان والاستعداد لرمضان | H16: صوتي | I16: 2023-03-02 | J16: فتح في تليجرام
A17: 16 | B17: المواسم | C17: رمضان والصيام | F17: شرح كتاب الصيام من اخصر المختصرات للبلباني | H17: صوتي | I17: 2023-03-05 | J17: فتح في تليجرام
A18: 17 | B18: المواسم | C18: رمضان والصيام | E18: 2 | F18: رمضان ايمانيات وأحكام - 2 | H18: صوتي | I18: 2023-03-09 | J18: فتح في تليجرام
A19: 18 | B19: المواسم | C19: رمضان والصيام | F19: مشاهد العبودية بين يدي رمضان | H19: صوتي | I19: 2023-03-17 | J19: فتح في تليجرام
A20: 19 | B20: المواسم | C20: رمضان والصيام | E20: 3 | F20: رمضان ايمانيات وأحكام - 3 | H20: صوتي | I20: 2023-03-18 | J20: فتح في تليجرام
A21: 20 | B21: المواسم | C21: رمضان والصيام | F21: شرح رسالة (مقاصد الصوم) لسلطان العلماء العز بن عبد السلام | H21: صوتي | I21: 2023-03-22 | J21: فتح في تليجرام
A22: 21 | B22: المواسم | C22: رمضان والصيام | E22: 1 | F22: الاستعداد لرمضان | G22: 1- شعبان وحال أهل الإيمان فيه. | H22: صوتي | I22: 2024-02-10 | J22: فتح في تليجرام
A23: 22 | B23: المواسم | C23: رمضان والصيام | F23: وفتاوي الصوم | H23: صوتي | I23: 2024-02-12 | J23: فتح في تليجرام
A24: 23 | B24: المواسم | C24: رمضان والصيام | F24: وفتاوي الصوم | H24: صوتي | I24: 2024-02-19 | J24: فتح في تليجرام
A25: 24 | B25: المواسم | C25: رمضان والصيام | E25: 2 | F25: الاستعداد لرمضان | G25: 2- استعداد بيوت أهل الإيمان لرمضان. | H25: صوتي | I25: 2024-02-29 | J25: فتح في تليجرام
A26: 25 | B26: المواسم | C26: رمضان والصيام | E26: 1 | F26: تأملات إيمانية بين يدي رمضان | G26: 1- أياما معدودات | H26: فيديو | I26: 2024-03-10 | J26: فتح في تليجرام
A27: 26 | B27: المواسم | C27: رمضان والصيام | E27: 2 | F27: تأملات إيمانية بين يدي رمضان | G27: 2- الأنصار وبذلهم للإسلام | H27: صوتي | I27: 2024-03-12 | J27: فتح في تليجرام
A28: 27 | B28: المواسم | C28: رمضان والصيام | E28: 2 | F28: تأملات إيمانية بين يدي رمضان | G28: 2- الأنصار وبذلهم للإسلام | H28: فيديو | I28: 2024-03-12 | J28: فتح في تليجرام
A29: 28 | B29: المواسم | C29: رمضان والصيام | E29: 3 | F29: الاستعداد لرمضان | G29: 3- أحكام أصحاب الأعذار في رمضان | H29: صوتي | I29: 2024-03-17 | J29: فتح في تليجرام
A30: 29 | B30: المواسم | C30: رمضان والصيام | F30: عبادات العشر | G30: عبادة الصوم | H30: صوتي | I30: 2025-06-19 | J30: فتح في تليجرام
A31: 30 | B31: المواسم | C31: رمضان والصيام | F31: مختصر أحكام الصيام وأعمال رمضان | H31: صوتي | I31: 2026-02-01 | J31: فتح في تليجرام
A32: 31 | B32: المواسم | C32: ترويحات رمضانية | F32: زكاة الفطر | H32: صوتي | I32: 2023-04-07 | J32: فتح في تليجرام
A33: 32 | B33: المواسم | C33: ترويحات رمضانية | F33: سكرة المعصية ودواؤها | H33: صوتي | I33: 2023-04-09 | J33: فتح في تليجرام
A34: 33 | B34: المواسم | C34: ترويحات رمضانية | F34: كيف كانوا يقرأون القرآن | H34: صوتي | I34: 2023-04-10 | J34: فتح في تليجرام
A35: 34 | B35: المواسم | C35: ترويحات رمضانية | F35: يا أيها الذين آمنوا اوفوا بالعقود | H35: صوتي | I35: 2025-03-15 | J35: فتح في تليجرام
A36: 35 | B36: المواسم | C36: ترويحات رمضانية | F36: اهدنا الصراط المستقيم (مراتب الهداية) | H36: صوتي | I36: 2025-03-17 | J36: فتح في تليجرام
A37: 36 | B37: المواسم | C37: ترويحات رمضانية | F37: ربنا آتنا في الدنيا حسنة وفي الآخرة حسنة وقنا عذاب النار | H37: صوتي | I37: 2025-03-20 | J37: فتح في تليجرام
A38: 37 | B38: المواسم | C38: شرح أحاديث الصيام (الجامع لأحكام الصيام) | E38: 1 | F38: شرح أحاديث الصيام وشهر رمضان من الجامع لأحكام الصيام للدكتور احمد حطيبة - 1 | H38: صوتي | I38: 2026-03-05 | J38: فتح في تليجرام
A39: 38 | B39: المواسم | C39: شرح أحاديث الصيام (الجامع لأحكام الصيام) | E39: 2 | F39: شرح أحاديث الصيام وشهر رمضان من الجامع لأحكام الصيام للدكتور احمد حطيبة - 2 | H39: صوتي | I39: 2026-03-05 | J39: فتح في تليجرام
A40: 39 | B40: المواسم | C40: شرح أحاديث الصيام (الجامع لأحكام الصيام) | E40: 3 | F40: شرح أحاديث الصيام وشهر رمضان من الجامع لأحكام الصيام للدكتور احمد حطيبة - 3 | H40: صوتي | I40: 2026-03-05 | J40: فتح في تليجرام
A41: 40 | B41: المواسم | C41: الحج وعشر ذي الحجة | F41: أقبلت العشر... هل من مشمر | H41: صوتي | I41: 2022-06-30 | J41: فتح في تليجرام
A42: 41 | B42: المواسم | C42: الحج وعشر ذي الحجة | F42: مشاهد القلب في يوم عرفة | H42: صوتي | I42: 2022-07-07 | J42: فتح في تليجرام
A43: 42 | B43: المواسم | C43: الحج وعشر ذي الحجة | F43: حج بيت الله الحرام | H43: صوتي | I43: 2022-07-07 | J43: فتح في تليجرام
A44: 43 | B44: المواسم | C44: الحج وعشر ذي الحجة | F44: أقبلت العشر... هل من مشمر | H44: صوتي | I44: 2023-06-18 | J44: فتح في تليجرام
A45: 44 | B45: المواسم | C45: الحج وعشر ذي الحجة | F45: نفحات العشر | H45: صوتي | I45: 2023-06-18 | J45: فتح في تليجرام
A46: 45 | B46: المواسم | C46: الحج وعشر ذي الحجة | E46: 1 | F46: 1-التهليل | H46: صوتي | I46: 2023-06-19 | J46: فتح في تليجرام
A47: 46 | B47: المواسم | C47: الحج وعشر ذي الحجة | E47: 2 | F47: 2-التحميد والتكبير | H47: صوتي | I47: 2023-06-21 | J47: فتح في تليجرام
A48: 47 | B48: المواسم | C48: الحج وعشر ذي الحجة | E48: 3 | F48: 3-الأضحية واحكامها | H48: صوتي | I48: 2023-06-24 | J48: فتح في تليجرام
A49: 48 | B49: المواسم | C49: الحج وعشر ذي الحجة | F49: اخطاء شائعة في الاضحية والذبح يلزم الانتباه لها | H49: صوتي | I49: 2023-06-26 | J49: فتح في تليجرام
A50: 49 | B50: المواسم | C50: الحج وعشر ذي الحجة | F50: نفحات العشر المباركة | H50: صوتي | I50: 2024-06-04 | J50: فتح في تليجرام
A51: 50 | B51: المواسم | C51: الحج وعشر ذي الحجة | F51: رسالة تنزيه الناسك من بدع المناسك | H51: صوتي | I51: 2024-06-04 | J51: فتح في تليجرام
A52: 51 | B52: المواسم | C52: الحج وعشر ذي الحجة | E52: 1 | F52: السلف في المناسك 1 | H52: صوتي | I52: 2024-06-04 | J52: فتح في تليجرام
A53: 52 | B53: المواسم | C53: الحج وعشر ذي الحجة | E53: 2 | F53: السلف في المناسك 2 | H53: صوتي | I53: 2024-06-04 | J53: فتح في تليجرام
A54: 53 | B54: المواسم | C54: الحج وعشر ذي الحجة | E54: 3 | F54: السلف في المناسك 3 | G54: (النية سبيل الحج المبرور) | H54: صوتي | I54: 2024-06-07 | J54: فتح في تليجرام
A55: 54 | B55: المواسم | C55: الحج وعشر ذي الحجة | F55: عبادات العشر | G55: عبادة التهليل | H55: صوتي | I55: 2025-06-19 | J55: فتح في تليجرام
A56: 55 | B56: المواسم | C56: الحج وعشر ذي الحجة | F56: عبادات العشر | G56: عبادة التحميد | H56: صوتي | I56: 2025-06-19 | J56: فتح في تليجرام
A57: 56 | B57: المواسم | C57: الحج وعشر ذي الحجة | F57: مع ختام أعمال الحج | H57: صوتي | I57: 2025-06-19 | J57: فتح في تليجرام
A58: 57 | B58: المواسم | C58: الحج وعشر ذي الحجة | F58: مبسط للعمرة أحكامها ومستحباتها | H58: صوتي | I58: 2025-09-04 | J58: فتح في تليجرام
A59: 58 | B59: المواسم | C59: الحج وعشر ذي الحجة | F59: سؤال متكرر. أخطاء شائعة في الأضحية تضيع ثواب الاضحية | H59: صوتي | I59: 2026-05-04 | J59: فتح في تليجرام
A60: 59 | B60: المواسم | C60: الحج وعشر ذي الحجة | F60: عبادات العشر | H60: صوتي | I60: 2026-05-21 | J60: فتح في تليجرام
A61: 60 | B61: المواسم | C61: الحج وعشر ذي الحجة | F61: الأضاحي | H61: صوتي | I61: 2026-05-23 | J61: فتح في تليجرام
A62: 61 | B62: المواسم | C62: الحج وعشر ذي الحجة | F62: النساء الخاصة بالحج والعمرة | H62: صوتي | I62: 2026-05-23 | J62: فتح في تليجرام
A63: 62 | B63: المواسم | C63: مواسم وأيام الله | F63: العصمة من فتنة النساء والعشق المحرم من خلال قصة يوسف عليه السلام | H63: صوتي | I63: 2022-04-10 | J63: فتح في تليجرام
A64: 63 | B64: المواسم | C64: مواسم وأيام الله | F64: مطب العيد | H64: صوتي | I64: 2023-04-20 | J64: فتح في تليجرام
A65: 64 | B65: المواسم | C65: مواسم وأيام الله | F65: وذكرهم بأيام الله - يوم عاشوراء | H65: صوتي | I65: 2023-07-27 | J65: فتح في تليجرام
A66: 65 | B66: المواسم | C66: مواسم وأيام الله | E66: 7 | F66: 26من شهر الله المحرم 1445هجرية | G66: مغالطات تحول بين العبد وبين التوبة. | H66: صوتي | I66: 2023-08-13 | J66: فتح في تليجرام
A67: 66 | B67: المواسم | C67: مواسم وأيام الله | F67: وذكرهم بأيام الله - يوم عاشوراء | H67: صوتي | I67: 2024-07-14 | J67: فتح في تليجرام
A68: 67 | B68: المواسم | C68: مواسم وأيام الله | F68: قلب | G68: اللقاء الأول | H68: فيديو | I68: 2025-02-26 | J68: فتح في تليجرام
A69: 68 | B69: المواسم | C69: مواسم وأيام الله | F69: إيمانية مع يوم عاشوراء | H69: صوتي | I69: 2025-09-04 | J69: فتح في تليجرام

Sheet متفرقات
A1: م | B1: التصنيف | C1: السلسلة | D1: الكتاب / الباب | E1: رقم الدرس | F1: عنوان الدرس | G1: الموضوعات | H1: النوع | I1: التاريخ | J1: الرابط
A2: 1 | B2: متفرقات | C2: كلمات ومناسبات | F2: كلمة حفل تكريم حافظات القرآن الكريم | H2: صوتي | I2: 2022-08-20 | J2: فتح في تليجرام
A3: 2 | B3: متفرقات | C3: كلمات ومناسبات | F3: كلمة عقد زواج اليوم بمسجد المدينة المنورة | H3: صوتي | I3: 2022-08-26 | J3: فتح في تليجرام
A4: 3 | B4: متفرقات | C4: ملفات وكتب | E4: 2 | F4: تعزيز الرقابة الذاتية للأطفال (PDF) | H4: PDF | I4: 2021-11-21 | J4: فتح في تليجرام
A5: 4 | B5: متفرقات | C5: ملفات وكتب | F5: ملف PDF (صور 144-149) | H5: صوتي | I5: 2023-03-05 | J5: فتح في تليجرام
A6: 5 | B6: متفرقات | C6: ملفات وكتب | F6: ملف PDF | H6: PDF | I6: 2023-12-22 | J6: فتح في تليجرام
A7: 6 | B7: متفرقات | C7: ملفات وكتب | E7: 965 | F7: ملف PDF | H7: PDF | I7: 2026-03-28 | J7: فتح في تليجرام
A8: 7 | B8: متفرقات | C8: مواد متنوعة | F8: مقطع فيديو | H8: فيديو | I8: 2024-03-13 | J8: فتح في تليجرام
A9: 8 | B9: متفرقات | C9: مواد متنوعة | F9: مقطع فيديو | H9: فيديو | I9: 2024-12-26 | J9: فتح في تليجرام
A10: 9 | B10: متفرقات | C10: مواد متنوعة | F10: مقطع فيديو | H10: فيديو | I10: 2025-10-01 | J10: فتح في تليجرام
A11: 10 | B11: متفرقات | C11: مواد متنوعة | F11: مقطع صوتي | H11: صوتي | I11: 2026-06-30 | J11: فتح في تليجرام
A12: 11 | B12: متفرقات | C12: مواد متنوعة | E12: 29 | F12: مواد متنوعة - الدرس 29 | H12: PDF | I12: 2026-10-29 | J12: فتح في تليجرام
